0,1,2,3,4,5,6,7,8,9,10,11,12,13,14,15,16,17,18,19,20,21,22,23,24,25,26,27,28,29,class
-0.7676701543048088,0.684083978776116,0.6779632895993344,-0.6272574628615696,-0.6527362855635124,1.9359140507224122,-0.028366504429595287,-0.5536233141256425,0.9856051518474875,-0.3663728472664642,0.2475021329287324,-1.160372977667465,1.8262204784611338,-0.08443678635553135,-1.130473711312432,-1.1103541609416774,0.41069891288186217,0.7634871839794746,0.1626344699001771,0.6105283942093266,-0.8039188549493093,-0.9076577082414645,-1.1491833674036658,-2.7751884611081024,1.7924508231385923,-0.7766381752805371,-0.15938005888333104,-1.1700036864398626,-0.05229713757100654,-0.30837846923364687,1
-1.3047937736208417,-1.256269144910345,1.4769122963102688,0.544929188178994,-1.2287267604455792,-0.4968990471525983,-0.8991960960480192,-0.3249785941686678,0.5907332734699026,1.1951854024030977,-1.3653107886585982,-1.1449082576389766,0.5603619506667351,0.5944664815532273,-0.3615546618974778,-0.37295851021312565,0.7367589674331053,-1.3486870279442569,1.1184694114433438,-0.006853994901490916,-1.1129517091019734,-0.5450275729224316,1.1042145208197445,1.4357400609348814,-1.1830306653178504,-0.8928194451477889,2.068868540125369,-1.192896193636784,-1.0674169858886888,0.849381577377611,1
-0.30126468457423644,2.4570044432505136,-0.2634994729260388,0.3962679165655031,-1.077388963898937,0.24611772945040425,-0.18445447065456805,1.1073105339393423,0.6196486252735444,-0.06086956993105802,-0.9390285067924066,0.024777746496761215,1.5960892921942411,-1.5189951632572025,-0.48219961961677876,-1.108016393980767,0.612995732333479,-0.8262568068017021,0.5159062303140283,0.22286399621029307,-0.9618270174183655,-0.5445281169346958,0.6778400977178844,-0.5726961510583128,-0.9418027323249555,-0.7973066829689149,1.4650285485532746,-0.4240765933669789,-0.2637053055765539,0.5579377815243737,1
0.9910594242225638,1.2844943775351327,0.7985681267484328,1.2905109976279934,1.070882292171469,-0.5446962871197124,1.389775295320786,-0.7841627421933196,0.8862729844610137,-2.5460050646214696,-1.039737879717744,0.10428632223219882,-0.4961139797833766,1.6716594366486115,-0.7530103526488657,-0.2636990658730787,0.7784399928500417,-0.8197973658990517,-0.8790168861647499,0.14796888063276262,-1.2492086512633485,0.08402176093309313,-0.15824637244161582,0.9174621535937203,-1.264187595991705,-1.0547360998087978,1.661657329199899,0.29677250708423497,-1.0892244918732625,-0.0087895221227777,1
0.4233233815151238,0.7135661515790268,0.6594585244393549,-0.33779626305732835,-0.6535992851816712,0.8331303283983444,-0.1618292630143563,-0.5577753625187629,2.2207924188202353,-1.1349741648992573,-1.0162897417269494,0.9741184682336981,0.4334636741935265,-1.0949806181122828,-2.2186151348325365,1.3058610861868123,1.4355490215768205,-0.15795638799265055,-0.4206193424560216,0.14091087838694719,-2.467673940946076,0.667394438057835,0.05553874089166623,-0.219107162333627,0.06816710038658609,-2.194303031143675,1.8915196147593014,-0.7328131611036991,1.6484126076944867,0.7554617138709632,1
-1.2998744073684523,1.3772639038132337,-0.5546668745880683,0.2523299733716759,-0.12812841441978132,-1.2336941643285493,0.5422593912485507,1.0430425268363819,-0.310221795371252,0.5958318645105473,-0.08345863702284183,-1.574867612474653,1.289593619624759,0.22665735964899383,0.35697962990128224,0.5304897985298728,-0.12746753220053897,-0.24694056542615828,-0.9906473100920593,0.33914168620787005,0.2507187095145734,-0.7922540927747564,-0.03496069615338034,-0.5740647135680381,-1.8364888385704266,0.24288013499724306,0.058110884095883025,0.1212437318203795,-1.8523425031098761,0.24708565568740534,0
1.7649718541264443,-0.13894435086533452,-0.20906398167250848,0.02123306577582116,2.3388229415282447,0.21960168181354867,0.6511897695753841,0.8348357375846623,0.3706783621029977,-0.16283403955110465,-1.3969929980143396,-1.8896977865979003,-1.2748515710123025,0.9680296071963479,-0.1140773755926606,-1.1384625911543043,0.6374208789455303,-1.4910143729898282,-1.2826966226103667,-0.5711700164371942,-0.9236311891733837,0.15181909274375874,-1.3691326623816966,0.2897440269140348,-0.9901750385704507,-0.7127640328249158,2.0707396272698086,-0.3165457032097422,-0.7607338467770106,0.2523982066520493,1
-0.031403016924503806,-2.220256314839614,-0.7093589096424198,0.015353451755977077,0.3132239910065639,0.6951645831510663,-1.0923362979510105,-0.22112822791412187,1.0502337523704055,0.18056093819747002,-1.9866412605188408,-0.2163003284635096,1.5511470813980186,-0.553646484550792,-0.7347889432468921,2.021193599580755,1.1670151609132722,-1.8718905530544223,-0.5206890955191443,-1.3883045083134937,-1.7949209633155596,0.7694573108029035,0.1318177325967188,0.8804711054283936,-0.4326944606082731,-1.4628866204334001,3.0480081804336105,1.0008030433825523,0.5966953809104842,0.033210179885372754,1
-1.9416940474929452,0.617838218879222,-1.3491721041435163,-0.5259527397942941,-0.2891204271668269,-0.7669412623830628,-0.8606491319147301,0.8253075172403137,0.744694520806794,-0.2652238654505343,-0.6360494617600363,0.21309057486897098,-0.9543797233026288,-0.2874302082262078,-0.6823229228624226,-1.0870303280012752,0.5770787948501943,-0.40530893712471827,-0.32648262377955634,0.25846017431906904,-0.9505882621610858,0.4155379938370026,-1.0869136949167124,2.3116093753006344,-0.07482854331919798,-0.8191689535675151,1.056474635699213,-0.3846301320712339,1.0243462019858247,-0.6714975139474861,1
1.5861972650791303,0.30369259392119685,0.2972870947599731,-0.8862384333634628,1.4043055051659386,-1.2346454174818653,-0.041679778129414556,1.9080108509791196,0.6710345217925217,0.25938433344280215,-1.386407797411765,0.35706537446038417,0.646870464896778,-0.011102590622834349,-0.44504462423578556,0.7265149187347837,0.7835940224450902,-1.3357219042215536,1.0654147782383516,-0.3211521871301564,-1.1956543277301905,2.1380552116340046,-1.7547584182762586,-0.7658840683206206,0.455902633167647,-0.9677443444247422,2.1148843226921574,-2.6592811840473987,0.9347481295413476,0.22463231585607507,1
-1.6476935347695922,0.14116624938799208,-0.14915398896724377,-1.1208492678116218,0.28107222501761947,0.819999135917259,-0.055424061982421884,-0.88344410576185,-0.025697991383364344,0.05824436065938095,-0.3464546068098124,-0.410136261770982,-1.274287223050924,0.9430406415610397,0.10045765818689063,-0.7721646868646517,0.09949220132814458,-0.425641155467952,-1.3371522108411915,1.5537518857296357,-0.12080188601600272,0.2910096272474423,-0.3868409579865057,2.331486092556837,1.725518556754471,-0.07573922948174257,0.4903282945800005,1.3083383670543278,-1.0348051634453777,-1.5886441685966566,1
-0.10936906641045824,2.0732567066828906,-0.3096817820367279,2.4219554805352432,-1.2688725926057791,-0.20230001008711487,-0.5392647112273649,-2.35115821311217,0.4021980177221523,-0.9390632499396991,-1.363363057940061,-1.3544896173623504,-0.3090602585769696,-0.335283474517337,-0.1555984393546751,-1.0082860679643277,0.6422204020269731,-1.4359117349225672,1.6956125332780865,0.4602389432279179,-0.9386187878096364,0.08189667520079116,-1.3178109369901527,-0.2544367276856635,1.364869373855072,-0.7303411487094126,2.0288726729700106,1.804104664586301,0.7759681608964043,-2.124445143093358,1
0.9955185771629596,-0.1875038837287729,-0.32653660337632845,1.1927690016470966,-1.1773210412697714,-2.8941850575715837,0.05463944164503786,-0.42524834572950676,-0.6121246319715744,0.8378336775244427,3.1714066621572568,-0.5810673000600238,-1.318409450558049,0.08530451504745419,0.007908152840295309,0.2748930089109721,-1.3328014472288823,3.4937985017186133,-0.6123998596057125,1.7946889471625493,1.8856865571055272,0.8656341848196735,-0.7926228303711832,-1.066653368918774,-0.1371005223902222,1.4210866336474655,-4.655652054054531,1.3271912228017868,-0.24967296780826237,-0.16168910802506112,0
0.4833206786258894,0.6460809376377294,-0.5090946505735073,-0.5660097285200234,-2.8087245923576636,-0.23436602171943766,0.6957197008450764,-0.5888015666195007,0.9701855686816935,1.4070992891611132,-0.5170458886058268,-0.5331372677397601,-1.9835756781146474,0.13438744187948082,-0.9539805543099832,0.935268755244199,0.6508221594044602,-0.15619621192183253,-0.2197437480218142,-1.3313494413752138,-1.1085035809186454,0.4673311296456491,-0.7680703554643681,-0.2959275402087635,-1.2606441159886557,-0.979240878270532,0.9308144369066139,0.9824388307289077,-0.4333554411706377,0.5672417068069041,1
1.2867697563752534,0.2673913007974061,-0.011837146240324198,-0.2869175759376756,1.0611317569487992,-0.5698979194121059,0.7544658289351189,-1.3770401894370583,0.7727137651893494,-1.1981584124750106,-0.36367400310644526,0.9207545652572385,-0.2136303084853857,-0.6145293391735335,-0.7698557437084597,1.245821554963504,0.5027531483196793,-0.06696625981859405,0.6943993421472372,0.31162882372473,-0.8628098815624177,-0.9287833699834165,-1.5068016448352908,-0.5084835740185372,0.17073711062069657,-0.7663373224775883,0.672531283425368,1.901384665586316,-0.5384998869943409,1.3627408269989625,1
-0.9502387211452319,0.8476378150694273,0.4902574444285194,-0.5836255854546498,-0.6304985142467532,0.16013489698287253,0.0921212820729715,-0.9772688616230066,1.0658442891251771,-0.1020382008184647,-0.9610049531098525,-1.2972115391662733,1.5325330906092762,-0.44279093792784774,-0.9659987956385039,-0.08155079508977878,0.8423636847869533,-0.6405514860529724,0.3707055671155837,-1.3473432191594377,-1.381651893184346,-1.359066496888782,-1.8104228817303614,-0.611730036418545,0.22775392125883576,-1.1867378139935467,1.584517610087656,0.5748264844618621,-0.008232364569510726,0.05705383682536383,1
0.9383913340595865,-0.9218586799275783,-0.8291000521161067,0.6102442577895195,-0.8673145087543316,-0.8993732013418966,-1.5234705093035474,-0.20290897858326112,0.8130462387991355,0.4132254496860355,-0.23813640074673673,-0.4538835988490723,-0.07131789051481921,-1.1916485388987084,-0.8402106143007153,1.3700263763762275,0.48215333356023005,0.10199856424417297,0.4163962587438965,1.6076173868244463,-0.8475878053831079,1.2429502030420623,0.4249025317863849,1.2604293992232585,1.6766353406369636,-0.7655363037062991,0.5009836536750497,-1.9507673273715016,0.5913201605738434,-0.9481239464325425,1
-0.11481703964842598,0.8601841202180764,0.1968519264748205,0.22658392902730803,-0.11942316073584242,0.1865062168834001,-0.3030418209470751,0.03522530634781082,-1.1323160161293024,0.9163788273633305,0.2707349814129184,1.0027214151773136,1.871714624315838,-0.3361500027177518,1.1828643974578241,0.07374078620654491,-0.6517437643425125,-0.21474189205492245,1.9688588512048761,-0.7053283309426673,1.1550236992046805,0.3545902786046827,-0.5455537804115271,-0.648356370322501,-1.6677834605474777,1.0489526580643367,-0.6106103753529781,-0.4984640825408434,0.11802771394381888,-0.6086282874660651,0
-0.9461535811296805,1.512126142376654,-0.3989961442222967,0.18911584971103457,-0.7295610781475912,1.3627595622962556,1.6736906973213392,0.08037940020917021,-0.40400911184793503,1.3703165001393138,0.1253197076548846,2.422555574595944,1.5246767428475672,-0.5230839966946594,0.4160484450292888,-0.981609264444058,-0.2418506924702236,-0.0423450756458561,1.2121067127178047,1.5818760934989877,0.4240866537911261,-0.0052265974628201255,-0.22511256068511618,0.08186134108175565,0.3259636053279932,0.38237384847094313,-0.2589347598165984,1.7893744490951577,0.3782589823179224,0.08190541260407326,1
-0.11362693451922978,0.9302917092896185,-2.30996860043844,0.0839815774947546,-0.9056955910043086,-0.040244274692185604,-0.8610231064882589,0.1332955505143741,-0.08020389001507443,1.5414683957782052,-0.7353354803859483,1.118169414895207,-1.8640648250557121,-1.08475880151045,0.24130463180739342,0.7950317937850347,0.19838661606669733,-0.9155938810599109,-0.7844419187412465,0.07363889294023972,-0.23277957132928273,1.3125093439544353,-1.5358646708655104,0.4317057853214802,-0.23140800165325723,-0.1387137664394387,1.0356367447333268,1.5930936181652504,0.24970716122253878,-3.2129536105150227,1
-1.395890234463619,1.2922937468847076,0.9188046467023571,1.1634949996973813,0.03202534336821736,0.05237283972499601,1.0062407473116368,-0.12111939812264694,-1.2906471847336738,-0.7376183625734388,2.0610608396355246,-0.21855833833841642,1.5535948104498276,-0.9893782707397202,0.9823988343811872,0.7975103068781241,-1.3108830680472228,1.8465081235552232,-0.601652428889124,-0.7048515107240569,2.047217575312894,0.3851080321263795,0.818908306347284,-0.49548368109930824,1.1653255992232814,1.690381999234542,-3.201871628378389,-0.8767522314712319,-1.6965825400425936,0.47787893609605137,0
1.008752071684044,-1.770774422591056,-1.6123576309253735,-0.9895804037291447,-0.21771304121749013,0.28114325269156065,-0.9555187684192374,-0.10465606477910164,0.03987956934732333,-0.6824687690171107,-2.0888376790602683,-0.02404782509982628,0.5976610012779955,-0.5291126672745058,0.3924383965267797,-1.6436341422199503,0.6968928787837979,-2.4737348971748556,-0.385715369038408,1.4221418115480882,-0.9076391781307063,1.460903426144534,-0.23652051540573635,-0.1012596884565111,-0.16126950059797882,-0.6239695727186738,2.994728921464815,-0.9679183200240504,-0.1465182790115405,0.6186085476102836,1
0.10550074979627926,0.9903862366113527,-0.5054495213555146,2.1284677685016002,-0.890668133245701,0.6623463197532866,1.3919956981126695,-1.2570530746434425,0.5928503180904988,-0.2753225280871538,0.6750835430731034,-2.1193013676882075,1.702147323502177,-0.6641127146297134,-0.7898472356907857,0.17281227977128397,0.07648547304195534,1.0871861008877493,-1.2357060240221238,-2.6005359274290236,-0.26416297799042265,1.1602107681070948,0.8305502903301341,-2.8485270886516063,-0.07530442074083482,-0.31859622180091385,-0.8483017894565792,1.577327297050473,-1.0898030441669337,0.6519334010300283,1
-2.911549919320649,0.9988621603282145,-0.8133599364488912,2.783235142247329,-1.3476847999474826,-0.31316152288011356,0.6429931547333338,0.12991890441127968,-0.9588225671688378,0.1793980391804458,0.266641487155307,-0.01602499041361854,-1.3111438217869762,1.746077518294195,0.9938202846354242,-1.087067512934918,-0.564001872201821,-0.137222232439703,0.049661355708217385,1.0499435995250135,0.9936400254541277,0.8802141396241769,0.02796654397862666,-0.11191668519920464,0.951056862481465,0.8987876200122791,-0.5705150187617154,0.6200931975868672,1.684446339410836,0.012963941471759196,0
-0.2395494568848382,1.4625303826914446,-1.529407723231631,-0.8229035909764744,0.9580352686288295,2.011721575442747,0.7992027192421421,0.04712027181092377,0.9808555488857393,-1.3993730461455012,-0.3942177394452951,-0.36857690674013666,0.0074371388099146235,0.6734588757272225,-0.9913024373749064,-0.21016364755600753,0.6163259751037647,-0.004553523045653374,0.0019129360209939365,0.9278194561160589,-1.0671109513144246,0.20425494265702587,0.3638913621500538,-0.06093951178599691,1.176637548616744,-0.9537283836917014,0.7572866721787765,-2.079697035146007,0.35976570416601955,0.031769712697634976,1
0.4150725096990842,-1.6510533950619155,0.2919658624579071,0.952649343692441,0.4290068480163878,0.9265201843464447,-0.16921365816554673,1.1868930775958975,-0.3113052853629306,1.3451846553462978,0.5426711437179301,1.820580268264966,1.2040011300856512,-0.8314786729014906,0.2274477773877542,-0.8781350730726438,-0.3309469667842183,0.4997254316221865,0.5341359422659844,1.2034600569003968,0.5127791184553916,-0.4569940385564593,-0.04052238352693171,-1.0273134230509724,-0.13897273155510673,0.42057887262995264,-0.8374146230784774,-0.33920476520988363,0.44564350449009926,0.6212560942035293,0
-0.4136007143252674,-1.292429162600113,-1.4743828693181482,0.08380235961134057,0.7191833809492872,-0.17508515027370583,0.37671684786935855,-1.0786607710305522,0.5948129119433204,0.2600545154607801,-0.10386310991394777,-0.8284081072387681,-0.7532324766646197,-0.06677081771074578,-0.6293738690165849,0.0013533024656418782,0.329933436360695,0.1585764091549393,1.5006608494600309,0.4406625568120475,-0.5907490840345682,-0.440791696011914,0.6912624910088047,-0.476098469442846,0.5627098375725612,-0.540193063420981,0.26591219046958464,0.9002056534504943,2.513643468208903,1.1908859328665193,1
1.113521353458339,1.6528341863390272,-0.5801276426989396,-2.0755950648778367,-0.30467896259373045,0.030233802717335615,-0.6463172976974167,0.17431100352657702,-1.4412559309085191,-0.22831842602516925,2.4821615527393672,-1.159282399230843,-0.19354574916758863,-0.4781467227062784,1.059335252168082,-1.1546185675377267,-1.522385780794938,2.277486066406152,-1.7360420595513935,-0.4449702029871274,2.3614091115319686,-0.10464662425820322,-1.0719596368460775,1.3690612998424652,-0.7693311543504044,1.938620855611564,-3.833734690887505,-1.9140058280134873,0.6873732422375044,1.4375467509326465,0
0.06617883186510318,-0.3150636095991657,-0.327327440521436,1.1806432316604467,-0.7876615918104071,-1.014477491016303,-0.09477067200513166,-1.0819458791789647,0.5229066310436385,-0.9529688335074052,-0.19054049290724356,1.5676503597875036,1.552480373785073,0.7123833448664562,-0.5325725119572342,-0.3169070486057018,0.3222114100939019,0.020988044301555542,1.2070265134276854,0.12209209645108472,-0.5607091364623851,0.2457850173811903,-1.656966455738728,1.5826190437340513,0.08479763391309508,-0.5029051281978172,0.3756614019227706,2.003311880382046,-0.6626433938280276,-0.15843664412723335,1
-1.2396068113805223,1.2285176064149128,-0.22821753443453083,1.3422567828601808,-1.69842690923735,0.5094948616555286,-1.498281809324653,-1.9385268369397537,-0.5797191980413046,0.5963335838654739,1.430448223022295,-1.5885031364081725,-0.17732278789003864,0.0612527103403872,0.3359002998067225,-0.6645854879485937,-0.7523851785344802,1.4316489836685422,-0.8033128584071165,-0.6622380786656235,1.129973650816632,0.25289279569030954,2.339996321932448,-0.5249019628689985,0.5716087108071156,0.901749236211388,-2.159835637990514,-1.785025839069702,1.0112954479729197,0.7466848560946794,0
0.1392233984636159,0.4720966910550961,0.1535479764239154,-0.003671088480515556,1.1452166865716589,0.9260675932328454,0.15068422885191396,0.6989037915017654,-1.3466978213556742,2.2448984141487265,2.8112206192748195,-0.21506203606086322,-0.432976265242216,-0.04426012027857669,0.887137857430503,-1.435954978028016,-1.5819413357493675,2.7150752077044764,0.3375737334390134,1.0217252687600726,2.411581686319739,2.2584607961546443,-0.7690501075867064,-0.4030922897540097,0.0876251551699639,1.9503066922997618,-4.285598094198843,0.9587078449618279,-1.1741043803761713,-0.5809171771941184,0
-0.8601587792614019,-0.47995676908502455,-1.160373451068,2.4504557341315008,-1.223669272060771,0.60666651348988,0.9846766948245461,0.1809378270039994,-0.14925155968569503,0.5210286893314037,-1.7644333416449556,-1.8552505395526635,0.159036264731735,1.2154705420797873,0.5317272205514909,-0.9549640356430029,0.4975436136631743,-2.1764448806152146,0.17044705041296596,-1.0152542733462815,-0.5983103826895826,-0.841734068994101,1.3255225693540593,1.1104972790915768,-1.2696522661013012,-0.3699439607040433,2.493530272055852,0.2707565235498433,1.0755000211306371,0.12155008278515436,1
1.7419225318939382,-0.8411213675603924,1.210382609061763,0.9127268131198087,0.2863784830010945,1.177570414149464,-0.011767837823633949,1.7655611776272604,-0.9746897251171911,-0.24718536535441432,0.8255232532312701,-2.352786469885359,0.5520083103157789,0.8898594886509348,0.894509461615362,0.5408282103844916,-0.753048610457273,0.5221727346636433,-1.910978378545258,0.9513326061105448,1.2412678840563143,0.569301667889382,-0.03656094262917065,-0.6629899612710476,-0.5887048335567698,1.0701983230044991,-1.3727994760242823,-0.1222021510407434,-0.0909208031237956,1.4940052477075458,0
0.09336519293159469,0.41768140501724765,-0.5046045954849743,-0.34322606870467587,0.589228284886637,-0.131120463249672,-0.6594268872163145,0.031214589669564773,-0.6680780419670619,2.1173728164203425,1.3636317877388733,0.19087993591870805,-0.71438655970402,-1.6840937293474054,0.44656355665914615,-1.4758710971014117,-0.7747393249394499,1.309946811500936,0.18955986050867568,0.3535139844484254,1.1834368951497418,-0.7803766047308504,0.004001260236595398,0.45740074279174425,0.13897565236328388,0.9587750009685226,-2.08173307665519,0.9969574815226198,-0.702063562355312,1.5027276807992853,0
0.15696862704876002,-1.6117850634872015,0.7096010214014796,-0.5188370428216882,1.0605598780918188,-0.5462204154871819,-0.4574308375083948,-0.9681867507210938,-1.1310117229243293,1.8384368995283291,1.4557499611101052,0.8313642544759895,0.2976689153127944,0.5995112411642496,0.9340399056277193,1.561022930447959,-1.035178470815131,1.1999937573404167,0.5141409907607227,0.10062211083544212,1.6479122308728842,-0.21311375409278915,-1.3006337047484473,1.2515793826826966,-0.4562340046084945,1.3823843361250496,-2.304822311780208,-1.743694507057237,-1.9095827671969017,-0.7903313816984677,0
0.33814032535793165,-1.053930847855222,0.5403741309310379,0.582828069456139,-0.506402418274334,1.429774859514874,-1.7869675655509722,-0.00541133465270806,0.06300412131082533,1.167390678701151,-0.4671753079552201,1.8926537083371138,-0.6998149436579741,-0.14291469199318227,0.02857100564194249,0.35397688506367536,0.18280143615112096,-0.5275699826547293,1.401069355627171,0.15143376016071822,-0.25277418985452293,-0.2561659062458337,-0.8975890047568621,0.7946783230451239,-2.293662022370661,-0.1860050626066201,0.6804554369346811,0.004210520875785671,-0.8466048423882574,-0.6186299507467191,1
0.5059343058207516,-0.9416177655837017,-0.019931561657245033,-0.9260621643490131,1.161908619628045,0.9506278731265124,1.031018217042444,0.20845721705236636,1.1521268056021652,-2.2366451532207154,-2.022593340767444,0.38658258917092975,-0.25880086360891674,1.4605566355835455,-0.8388110880986145,0.3763670371991087,1.229419640910671,-1.866396953597286,2.0305457232242023,-0.31249487814126115,-1.903689658080088,0.3612522833635362,0.8745876458098074,0.22459063324999182,-0.17252437332674642,-1.5605500684776148,3.1195269618891492,2.5111325476900084,-0.3125670580213269,-0.5223599258541148,1
-0.7675465012301531,0.06073612558130447,0.6010827381077641,0.7858464131561501,-0.8069220858097825,-0.3297431588698678,-0.5426608989740664,-0.046008828712611895,1.6055963121212962,0.6112911472382442,-1.15578634151442,-0.03753880137224185,1.442940067837931,0.2897671443565355,-1.516124196895856,-1.1550756209601392,1.1743401428512388,-0.6166231454578555,1.0203818741776796,-1.074498389658808,-1.9596331308231774,-0.07187078581077398,-0.4083366806456837,1.353612109546766,0.00030496426228980426,-1.705308330040072,1.9695678645003478,0.23457001993653365,1.0122459076529051,-0.6484466533719213,1
0.3279703904722328,0.71373521966136,0.15839195575246848,-1.005712980422521,-0.7285288762214843,-0.8811413088777623,0.962591982845802,0.7158663371640762,-1.2323149787389929,0.9421743035938688,1.0070367351209382,-0.38458244372021294,-0.7531115801973117,-2.876032282046417,1.138600586091181,1.0851889161343613,-0.9402005626382223,0.6164137370741085,0.6590680288024853,-1.0644964211729528,1.5540581425178863,0.07610241646858744,0.5125995112727985,-0.7427455710970785,-1.0330288450349439,1.3427111356775216,-1.6831950400027318,0.6422919936033016,1.303874145931379,-0.32853722208854036,0
0.16845076993249436,0.24893461186111668,-0.977284832042969,0.42489610417240287,-1.2421533507916103,2.0061050974174037,-0.5688054171653081,1.5931062215029255,1.4954926450182855,-1.0381069864610342,-2.188605833648571,-0.6916284254233128,-0.706329706696292,-0.9988152681895256,-1.1799864513781526,-0.9377866663411604,1.4542538605726811,-1.9014157412075625,0.8246595628492529,0.9314695195539889,-2.2889292573365916,-0.17145793064083975,0.12984783046686063,-0.1008609230790248,-0.4397183593776238,-1.9023271974702427,3.4246798734485724,-0.027555936515566763,-1.4483559179583039,-0.292375353093686,1
1.01013071434825,-0.49826442644124913,2.071255454154862,-0.48813628014212407,0.34463050463451084,-1.1645467781101164,-1.5838955910878494,-0.226644623566309,0.8136090778454871,-0.6308550387124194,-0.9872235186168506,0.7555049064655893,0.1559185860511121,1.0355650677774098,-0.6844389418477711,0.343370349795475,0.7252260902825647,-0.7916436370431736,1.2124909440819793,0.39546944004558404,-1.1604357727583499,-0.11597125276146397,-1.1769198921315842,-0.8181342216376747,-2.033299111040127,-0.9775010239156143,1.5722248035667064,1.113599751186509,0.13505570478369083,0.9393630640715723,1
0.016440928619381696,-0.1301955328047618,0.5003332073206254,0.5469684731271998,-0.21438893197677833,0.8321102172211272,-0.897930893380057,0.047514634761288484,-1.3793233081679794,-0.9604169204092289,3.2433384284413616,0.04420617488045252,-0.3704277144696703,2.2785173159559986,0.8326346536557107,0.3072039458978721,-1.7382487620236442,3.2152389650305837,-0.5438015954613664,-0.2644803487686226,2.621779379484059,-0.8418843502853434,0.6306798620978803,-0.15994214829883396,-0.5506808466567625,2.1003228853775755,-4.9099285643236605,1.5651034055742439,-0.7746013478853117,-0.9938252888572712,0
-0.1965690342166925,-0.10060167515618698,0.31139535741201874,-1.0478663059889717,-1.2949739740960864,0.04573912900266335,0.38552712684177964,0.05966189369697816,0.4240161836712858,-1.814308121389617,-1.6222005513010032,0.580421940096241,0.8105419989469383,2.030953617349149,-0.1254419115634101,0.3974040328868454,0.7369816025586645,-1.734427744706716,-0.5466878217372169,-1.8516569636800562,-1.0666210428358136,1.9793336183838781,-0.2700119874512021,-0.1346154330632297,1.2539317971754804,-0.8221549169502629,2.4032941985713063,-0.42676282883856803,0.512583152688558,0.5890230796419218,1
-1.7313068096727535,0.2932713754434303,0.2089192734777545,0.3625110113441724,0.9231533505050442,0.49636624363496584,0.359521062140472,0.1015559856102445,-1.375577304632917,-0.26812703062785004,-0.7293870017755893,1.2671821317388838,-0.8070880597375816,0.5680874206116735,1.6579246446821188,-2.050139042555353,-0.4487521889785543,-1.5237616701543903,-1.255468009692417,1.2651988879529492,0.9619140251659295,-0.33342370828241286,-0.4002229523995679,-1.7356308758550187,0.3842319165190897,0.9755308010874892,0.771465991204714,0.06916979303598314,-0.6400996517169069,-1.2187111007693654,1
-1.6227065707438688,-1.0712182230107092,-0.0795670489861375,0.5262858686819794,-1.431186765846887,-0.7022972131912357,0.20712127707087358,-1.6880218445968753,0.7096481071606777,0.2404627448017032,-0.7954900803245663,-0.6642809744743209,1.9164543210163532,0.5384693872544943,-0.6106759841506593,-1.208351949495599,0.6113001045963851,-0.6122205797736979,-1.5478404612786616,-0.4217118518435028,-0.9848112064396692,0.9138266561455501,0.18604771215121202,0.8915784566951168,-1.7599519260721297,-0.834081498547101,1.2775439565161266,0.8802632056007167,1.914904504978405,-1.0824410437804357,1
-2.6154689600038497,-1.1353913238732314,-0.3267445899410919,0.31251516619556136,0.489962309452716,-1.284415026955091,1.7472373285098912,0.9600608747015225,-0.7540855511217682,0.2997961715729297,1.00113731544866,0.22794726206260926,-0.11676412130630513,-0.691930840617639,0.6163821657406567,0.46496164550609703,-0.7000878052900495,0.8365194318661144,-0.5809770140746456,-0.3741735848034373,1.1114538599402701,-0.6672232368866481,0.5557313191030023,0.03248205475324366,-0.9615226873292143,0.9303058176614957,-1.5803723099346354,1.7408580770144348,-0.2628824730353762,0.23140635127741563,0
-0.28124290633667054,-1.5613429830998886,-0.3771557828112729,0.3030162924749628,-0.08160192434705991,-1.412583182544061,0.06265614493579669,-0.5128188094563434,-0.1256749116778195,-0.682632022012122,-0.5709060908995277,0.19902111276273207,-0.2574305241108466,1.1398566043617029,0.25674721906015324,-0.6836904851242519,0.12244353643459595,-0.7409725185697993,-0.5808791381772977,0.6765487604029504,-0.12237132640352533,-1.0115702757043907,0.4489675555702139,1.922036939606547,0.017621310976853315,-0.053238301335575534,0.7915423657904694,0.3070275179293628,-0.5691697776807892,-0.4482872642453222,1
1.7308151930447429,-0.22160339018264946,1.7032709260173449,-0.29369252570562915,1.7107757776943866,1.4960031695555258,-0.6663172165446257,0.4260250117929784,0.2776174168614691,1.970678391466491,-0.18824852253461388,-1.6633867113595329,0.8488367959795216,-0.28948326918784945,-0.2645676334004788,-0.431765488993373,0.19929276787210876,-0.09278242029022188,-0.41456386324869343,-1.0551016302666845,-0.33399845802349803,0.39627156358608606,1.6592706642191906,-0.7962241227738193,-0.6936979676166672,-0.29158503086163035,0.3239719004031278,1.2689650254316331,-1.074462766356002,0.5931709909980298,0
0.8773622092064753,2.3608821718129667,-1.4569375455207298,0.020692582854259692,0.16261562358226733,-0.3707442202941741,-1.777975534702351,0.27004961344519623,-0.26709943266110303,1.3986246105594142,0.3296005935487354,0.4707532415477864,-0.16854591590355783,0.5497512216450848,0.22354485952071945,0.10797981288504269,-0.23986859107922562,0.26645810167690864,-0.5914882570709169,-0.13170025385990994,0.3832544807585816,0.39188662894211224,-0.2241663294909295,1.1891727831050025,-1.4122586274178004,0.3224577209497459,-0.524017277123315,-0.250854661227695,0.8680546542277768,0.496701612242392,0
-0.2620352218414382,-0.6846297971775508,-2.3141639826724685,0.5920318093946155,-0.03430835657245901,1.2576769778532042,-0.4293438504947142,-0.5318436228112274,0.9743602493724374,-0.27005489814431205,-2.805273010381803,1.509979610415489,1.9251131239369192,0.33760622247297195,-0.4808343202157411,-1.0783447924360212,1.3945564910317179,-2.884827714226933,1.3350518667941367,-0.6378040674775352,-2.0664162271823603,0.7888946307844868,-1.073107414098677,-1.5881299259955441,2.141982640147936,-1.628835748183651,4.203606095408143,1.379111403168567,-1.2389659448048371,-0.7254717093581022,1
0.9293115872076053,0.8977215684594247,1.5640140182118132,0.7386080660934153,0.810530762789549,-0.41205565476057665,-2.690275631353535,-0.2540205661706743,0.9748570991429433,0.5992628254007983,-1.5729032355878156,-0.2815065614207691,-0.22425879143948552,-0.7527574968571061,-0.7386613301314001,-0.48870197023212386,0.9953710776605705,-1.4139655916012295,0.557738828932371,0.9183631149338709,-1.5530400944001632,0.669252564126162,-0.2722221717726958,-0.10798346674527037,0.14018003100159276,-1.2813414314777485,2.441521517115257,-0.2592759743787534,-0.6994895050506996,0.48052966252196005,1
0.12900275801378372,0.005883777850373463,-0.27424350847644696,0.3499755356256891,-0.4143867161090352,-0.07434951480792218,-2.1005143162337996,0.5104399780009937,1.7466713748451956,0.3548565402577775,-1.5506934261143854,-1.9675370853691225,-0.2899988843469592,-1.508848683629496,-1.5880939134733392,0.42323480251812673,1.3726044167640268,-1.0208716306632688,-0.47933304396488147,-0.5704846856410772,-2.254128854071504,1.932963175468534,0.6528803714722882,-0.45039444081544955,-0.47904997353716,-1.937963982544895,2.5620946524786303,-0.5076678492097068,-0.44721073654455185,-0.278464713718385,1
1.7428664700517604,1.2572349606742776,-0.4381149273049169,0.7254915722630145,0.7984387259825529,-1.0992485575665147,-0.31670793232591443,-2.3021180510690513,0.18956771210578002,-0.15254494763711807,-0.9203826539576251,-1.136890692399149,0.8403635995547787,0.8064755550022653,-0.015343648081764421,0.17492346744196388,0.39273385870726957,-1.008282573103408,0.026428906200492753,0.8818182802006649,-0.5582222397579474,-0.27596309645500083,-1.6598678502577902,-1.2275242426383912,0.04380455660721462,-0.4226564142133077,1.3534824810012245,1.3841000308901037,1.1392418183632884,-0.3064518000111888,1
-0.8017891079510504,-0.979565314634551,-0.5855215618957392,-0.0023434031495201645,0.02197329596321629,-1.0749895671304055,0.3621843221046941,-1.8399922494136325,-0.853534559287066,-0.2660636557620032,0.8132059591593939,0.040798218223812355,0.904149594851582,-0.25212315877207636,0.7644695491276929,-0.5948203104540761,-0.6887103439071472,0.5650194448712367,1.8458013203719315,2.93032028549251,1.1246255224713066,1.569685680977757,-0.524892565636485,0.05262213001726112,0.16014416491537442,0.9626636502123224,-1.3312746833606794,-2.4857949122861833,0.8551890533928274,0.44726655825106904,0
-0.0588264091680503,-0.11915926995123403,-0.7120406554180231,1.7662424096718539,-0.7765432895301789,0.26170728347633937,0.2797677077282163,0.746394873522203,-0.9582505162232409,0.26532805499989953,3.151462446513379,0.08543868521990976,-1.465340383444967,0.34614694395240136,0.39092693082180174,0.058438694883587584,-1.4987385484598468,3.305598277426283,1.0045978671244824,-0.13244471969957244,2.195932226350976,0.6542973934742754,-0.9593207652189699,0.22958739697570169,-0.23824430189845403,1.7127352403724372,-4.695447631748419,-0.34039515671586396,-0.18488498309868595,-0.8169012518275693,0
-0.5921663299833791,0.953594950662517,0.01538756450126866,-1.3354652934481188,-0.6463575371493634,0.7188634195406998,0.34616582105478094,-1.4127885777912768,-0.2805625000768611,0.40030609315481963,0.6510655631338087,1.4094494831021676,1.5383949844382783,-3.3348927106258297,0.1711683818905091,1.1151302518328152,-0.3507668870054973,0.6436779141572746,0.7240022550000158,1.2594018029921237,0.529679380090833,-0.12536698599750856,0.06839386063666252,-0.11718903406453861,-2.025036314509744,0.42477640367282704,-0.9863416729174279,-0.2888924143340474,-2.078519748890523,-0.3098522246904981,0
1.0346996960872819,1.1619011299565059,0.6388688736788816,-1.8046029093892233,-0.591374223391938,0.8454605329743672,2.038641925048266,-0.7042945694842044,-0.17730734184472627,0.5571024469361402,-0.4856086284537277,-0.3088646305731551,-0.795436583732299,-2.44152857091847,0.29545428640598353,0.5559970515714441,0.0690795893684752,-0.6637083043244351,-0.6391392177850403,0.7311108396894743,-0.039286204706437844,0.14163812813565044,1.2668036084433343,-0.7361970843826743,0.9910470469274518,0.015188626142915431,0.659383763940328,-0.15823013651088605,-2.5495393447366808,-0.839098222571048,1
-0.44567673990140944,1.2769830590630524,-2.045622890945603,0.9973506565515259,-0.5992744782651446,0.14634092374917987,1.017421669808901,-1.019170621301904,0.46827848173969583,0.1495882855706858,-1.247811313740297,0.3636726478389822,1.633584832409058,-2.2593708838316977,-0.25205123127585954,0.12100924319881162,0.6376819627324934,-1.2666337752809305,0.18661482607356927,-0.6324441920639787,-0.9512577799350725,-1.0413790885215242,0.11491272637148015,0.22742126793771542,-1.0468579584583377,-0.7544736568431064,1.876685783395517,-2.0160302195142723,2.17009499187626,0.6176893882633404,1
0.4877860175108979,0.6335727440817172,0.8759738379125791,-0.5296081995695587,-0.36159230006934645,0.4504119599294666,0.13673265587151023,-1.4477067680783553,-0.17758051790703996,-1.409679294659649,-0.4799476566881722,-2.128590208826931,0.7438296345821243,-2.071244067443572,0.29457144633108473,1.2411343200148017,0.06710870217809584,-0.6570826373009175,0.5604146322087054,-0.7474242459904361,-0.03667445599483421,0.6803028920604759,-0.8799134047231368,-1.7302954798957517,-1.75110860587232,0.017021448784698603,0.6512351457195,0.5734337916879819,0.7888642158521251,1.1087766603072329,0
-1.3443404721448917,-0.14277495317069325,-1.8575714451669172,-0.14897166476435994,0.5567959468277808,0.7275473737906202,0.6590259520210962,1.1004284422568642,0.05199316562527802,1.8041190919644037,1.7074088560134877,-0.0781699361357932,1.0126922045509361,2.2461880135582653,-0.41336716211251945,-1.374173452371543,-0.5275042694476644,2.062200715597755,-0.22350706029651027,-0.7868276307350374,0.6640471694291676,-0.40916506921394147,-1.561042575586778,-0.019476465301345502,-1.9294822626260821,0.437377786547271,-2.4311858396152397,-0.8302621507200517,0.6568660633095018,-0.24761153644145104,0
-0.4986850239363795,-0.4193130309844765,-0.2429142310872777,0.041589067558433994,-0.8944442001871804,3.6028321358108735,0.31976551348186155,0.4867105303254986,-1.2191006396210058,-1.3170981967549784,2.180206871574269,1.4170770333431444,0.3185008529981731,0.3065122064697944,0.8792127139887578,1.0771925042677897,-1.3138638867457075,2.022671497620199,1.012635254401941,1.4204009231298556,2.031046434995223,1.5627487850530115,-0.18269977192188713,0.9960325033075258,1.7742396180401812,1.662569539654315,-3.3581192117135945,-0.8277313896965831,1.7418184149597142,0.7848253685484937,0
-0.2821595359874645,-0.7656532852453778,0.29625193188996507,-1.55037687093124,0.013655663837457525,-1.3776256560635605,-1.8564315499362027,1.286050103863426,-0.300466944376003,0.5669802632671008,-1.122010527665708,-0.6128579946744069,-1.273161394159899,0.748120032251875,0.5631219838175369,0.12625587271393265,0.21400432517660758,-1.4816443567691904,0.6690447424705321,-1.5370679870688635,-0.19128083705089893,1.132405540709269,0.40388809474061865,-2.4902817083763287,-0.6664799269634811,-0.05870070630153231,1.5450759357243167,-1.664665985025513,0.7839731429926151,-0.28900121860121725,0
0.4014981505462089,1.1721263095893824,-0.06119574110790367,-1.611698441937195,0.5697833505344024,0.08165522477277443,0.5608432859764206,0.2984278994828184,0.08009094094573535,0.508368676721951,0.07267011657748777,0.23763640301074465,-0.2652287522247021,1.172251512984841,-0.10283563340972623,-0.14165919770220706,0.0163387158884049,0.12476053296616674,1.5997042010481028,-0.3364355776120064,-0.043413097301640446,1.4413991103217594,-0.9172066963350255,-0.7497758750318108,2.1145434623013015,-0.048272057139011885,-0.08810463888040775,0.061770871376545564,1.4425781722524427,1.5628898196781764,1
0.28332359253566647,0.3482862476668184,-0.4127440942215489,0.3878273420089586,-0.9191586584740024,0.9525905079520448,-0.9365198458054912,-1.1046249740939926,-0.7148252183988497,-0.6807216091177045,-0.08858097113529059,0.902491655557847,-1.490082675576618,0.12513299076967724,0.800911110231306,0.888838819539992,-0.3273356664142647,-0.44522856848304837,0.37835396935272786,1.3773665787811513,0.6209648706148829,-0.6541843257603286,0.5795842217637382,1.7135297293402796,-1.6199198031884334,0.5889381937201467,-0.014420288144419676,2.0365823566720804,1.2328667913867144,-0.4686605094797979,0
-0.0004091858982701808,-1.4886726837818571,-1.0034720886430621,-1.3093939454332773,-0.5235537426274511,-1.1401971977561183,-1.0260618308923926,-1.039327298878074,1.4288797025301805,-1.1341944231152694,-0.7518104465424955,-0.2986653905796983,0.4790770554974521,2.013320946097442,-1.4070360303586582,0.9717263097605029,0.9553838567182947,-0.21848130198794102,0.34752549402671107,-0.9079917421781208,-1.6285530395016932,-1.1721730470264382,0.40146596758452824,0.5198829317679478,0.6031960730586848,-1.439480711696455,1.357038966685129,-0.21752938383354903,1.6740194274372373,0.21635653459128767,1
-0.33632037182952107,0.1489427962412884,0.44809821335102445,-1.5168584165083185,1.5586265169628146,-1.339270315485301,-0.9344853483095023,-0.23154949394529548,-0.8000046515819452,2.1668840348163116,2.544040988549928,-0.07151400927298215,1.873576393897136,-1.9990878128978078,0.3445296253204014,0.5229715738969453,-1.223042017600435,2.6559052695383087,1.8209672252662306,-0.9587037291435838,1.7970258146541611,-0.8934190858392855,1.375179057607244,2.213277918011304,0.20498914730890982,1.4053352129175738,-3.7956546299989937,0.802949926519495,-0.5862276942809993,-1.04635003568742,0
-1.0063080055930869,0.8017851843284858,-0.24682333047655725,-0.4372359421583744,-1.0595185846941766,0.901998378210093,-0.1614471331698672,-0.3254543289050063,-0.6412016109151479,0.39580494073020817,1.0577019556291407,0.24322157325222585,1.22638994392192,1.112268293035107,0.48101503657253886,0.8178664249496361,-0.6621951982299519,0.9576365479270715,0.006547966636634446,-0.712777884827594,1.031144171736076,0.2076273980159083,-0.07011414407803107,0.8541996486128164,-0.23145221498765425,0.8493217615002291,-1.6389752240366002,-0.1304148268171117,-1.2006437323210952,-2.0813413886427115,0
0.9427637251523103,0.31988796785441165,-0.4271105487326319,0.7058941961045526,-0.09561302341192035,1.191720302401696,2.7859119139940556,0.003773856555206271,-0.9024554252716129,0.244241052860572,1.1419983284090096,0.426367818973557,-1.170435757497502,-0.6217656875888323,0.7493739544174545,-0.7651346671096204,-0.8196447070333747,0.9341418100379186,0.17192084890744544,0.932375241647187,1.3067395980685714,-0.7672725723599824,0.9818219444386037,-0.9361504460748792,-0.8096444597036451,1.0975048489314156,-1.8110748556697247,0.03701437749614225,0.3430485306940432,0.4661471304949542,0
1.3843117530307858,0.39589810694336847,0.6791921419241791,-1.5742096456021195,0.09704062724448921,-0.12805117872967775,-0.5188000423713724,0.33689236469544814,-0.6347037706748857,1.5788561203734834,-0.2204924012510805,-0.7181956337876233,1.0774164988521733,2.1907855142107007,0.7407527974769212,1.1561146166453071,-0.24467324981541683,-0.5645872261489473,1.2630280698169032,2.005768294509637,0.4922239451663226,1.215325970476457,0.7322676199282319,0.18809956615274828,0.5075128720823281,0.4828827360218606,0.1900150862662174,-0.14996202289627097,-1.1351601296858251,-0.31083914827499803,1
-1.0434994950947576,0.003063637440674221,-0.9268848322861801,0.49979267547899797,-0.5615120214444915,1.2460589249202312,1.14820478465649,-0.1431663336355322,0.2981226911474082,-1.0444361968077795,-1.531250751259997,1.3701389048045567,-0.2265991640145975,1.5366558287399776,-0.006631817507793053,-2.0919602950264222,0.6447970402545135,-1.6856903524345368,-1.5821751114432072,-1.1145072680940693,-0.9128320804699865,0.10933690359734571,1.684383328181538,-0.5484036812635643,0.625120456339924,-0.6883511809419184,2.2483965016795597,-0.6840434450400951,-1.3067229692119573,1.3658566253313404,1
0.41092099388177106,0.5185128336026553,-1.6515397134301908,0.672452775386156,-0.4533646542708436,-0.46283052343037057,0.637931960055289,2.465927331461365,-0.3732236101462611,0.2532424223641424,-0.5509189628901345,0.8559972903065459,-0.5852905313163699,-0.05801509439393041,0.5235309978626335,0.7442291195615972,-0.007335843517932504,-0.8346999796516752,-0.9904263620394158,-0.6041382867516175,0.11379684769188014,-0.32447515749642497,-1.5565369342016249,1.1644646925122124,-0.15818937982219936,0.1650180870726843,0.7141043635025225,-0.5348579055061975,1.9737334427358522,-0.16327838522830335,0
0.7565529007024825,-0.8956885116957725,0.06842531120790343,-0.8244232886633468,0.29060469726179183,1.7297873874562433,-1.201212818893263,1.9825130636978765,-0.6868015879313977,2.392298383669758,-0.9678950192400282,0.5380348391544619,-0.11545731718918943,1.0394413922305916,0.9538129600277175,0.21028456389522832,-0.028376144665175296,-1.4812316052796364,-0.23642593837068013,-0.9243041684813366,0.22854523033399365,-0.5534312459752201,-0.8377416743488576,0.8212011497518233,0.5548672402144881,0.31662255808979667,1.2484540309465768,0.7633194514331476,-0.9460645121255687,0.9047498032588243,0
0.5099312413567952,-0.10548536715777655,-0.2624968604607547,-0.02642552136706281,-1.620094339195057,1.744311252423273,1.8418780020912402,0.34183032184610596,-0.7194720388200653,0.894657451692005,-1.7658749841734682,0.2174206424362958,-2.3380087167915513,-0.7471162610326202,1.1561678228183334,0.6389230223745517,0.2139905258701815,-2.449004086612768,-0.39981733107460027,-0.25688998392488877,-0.07410180317009796,0.48107036951077237,-0.39075176990461724,-1.5608777064808073,0.6613399641422925,0.11939774897443758,2.383048561462225,0.7963100828535359,-0.8110052394638876,0.7443146423626893,1
1.0761787336049151,-0.2336732917249238,-1.2321984663131047,0.4572126362119861,2.0290898599490657,0.9085910951875514,1.0604042110786527,1.1048699546987093,1.356613640259009,-0.1888801367134558,-0.6165432931685662,0.7845362375298336,-0.6932333367169472,-0.36019790848493516,-1.3561764739215163,-1.688592200627407,0.8755464690786916,-0.09138706346545056,-1.2663586548464094,-0.182967040566501,-1.5056427577404299,-0.7201610195718389,-1.648567599612877,-1.1613468707172474,-0.9692799797387972,-1.3392246729492217,1.1493555968097577,0.877909797753002,0.25026173764547277,-0.9379224926030842,1
-0.567195151015101,0.7845272604756386,0.3316739616352778,0.34963054166962754,0.2845119825216449,-1.5477064012411874,0.64323541855256,-0.26693968713962596,-1.910709517362187,1.6760214587599298,2.685826000319876,-1.9619668506783159,0.47830039225468934,0.9166276887228414,1.5306603815824427,0.03650622238552014,-1.8222265423141297,2.297547963142332,0.34822110414416885,1.5681996905274862,2.8783940579370295,0.03360170735355592,0.38986515806571725,-0.7203688548966539,-1.4428537540673354,2.3993215820456957,-4.217612310340845,-0.029954646126529826,0.042249604426835,-0.4041539057073227,0
-0.04950464606506815,0.6288138283327617,-0.5199418374222072,-0.2867063218036532,-1.4738408968097159,-0.5318757929022689,0.8747546767096062,-2.3669689575063617,-0.9841085816310906,0.07619242144872226,-0.4888536204801507,0.7561151761751815,0.28237775119951514,1.2284664904235425,1.1792228404433587,-0.16306127972697482,-0.33172719300568004,-1.0507887777367975,-0.03139593706602425,0.670167262130463,0.7019105842025566,-0.9162930470045603,-0.3226077728016462,1.9087762733777358,0.6938254128560183,0.7072147655579596,0.5047872744475431,0.8934728944259902,1.021658728197938,0.059654565007084104,0
0.9482059948233497,-0.8135992543587863,0.46646969093630625,-1.5222053049258542,-0.4498663007101679,1.2171299211561122,-0.7068433463146004,-0.42023907486497714,-0.4460893556054275,1.1859082554298621,3.010542466081687,0.14765184053745017,0.8174857806561917,-0.08283837842460157,-0.14024336434188578,0.8930678269867728,-1.1979622228941573,3.38069626165828,-0.0718131428510346,-0.3487752610068693,1.6658019655583662,-1.6179106457900545,-0.8180789873059771,-2.672207384471349,-1.0859527335785348,1.2330679385948342,-4.392860098474993,-1.3119615453661218,0.7282381073058656,-0.14215117360181917,0
-0.17530832016402878,0.6385165792483638,0.07759838974533693,-0.592332204854028,0.47781184626938444,-0.03984542278078571,-0.7282175248055448,0.04365273430296112,0.4285329684584616,-0.13280630207669494,-1.5000020904370186,-1.0551859446311727,0.8542675615783623,-0.2517790741426178,-0.15589730203930427,-0.3494712379173766,0.6996246745869772,-1.5864590794135491,0.6727269777566897,0.7707831479812558,-1.0198277885072333,0.9027131482849698,-1.0924035280447957,-0.9227485635643696,-0.0023073453984748184,-0.7915353629909261,2.2294523915164683,-0.35641653402274304,0.222043548146072,-0.9891420800806211,1
0.643913010296156,0.43917042443232585,0.26303518181790386,-1.0207402102082985,-2.0017254812342866,-0.501229007443454,-1.79807835994288,0.5323720112967234,-0.0794344550873864,0.3209357543208677,-2.936541494837684,1.5298834884051506,0.07968097984541386,-1.375320682059021,0.7000106150745175,0.5161349660879432,0.9122197500306055,-3.541997719191594,-0.8667302333337176,-1.135119419411239,-1.1512749289915842,-0.14346973030439783,-0.9791804362775993,0.20259852447607388,-2.13962756355356,-0.7608162652789461,4.183323628724285,0.4505983312791324,-0.0653107116723949,-0.6621885476766607,1
0.07163127677616955,-0.5043120335043169,0.7038073822515748,0.02462598855679703,0.2886096512984931,-1.1157847113854849,0.24688690153226664,-0.9769318210905635,0.41544049049777404,0.1281076019934963,-0.3413335792328793,-1.043277594110717,0.786860068735157,1.4416461833422005,-0.3834633058166475,-0.9330279708412645,0.3175584572216112,-0.2100015760190096,-0.42474438987100777,-1.1778363550763036,-0.5246740978543135,0.5904523007847245,-0.499290590805561,0.902916551413958,-1.029129678078305,-0.45317674407270964,0.570072177561538,0.5924210073873067,-0.47241214410834226,0.48878647378239914,1
1.2031973581423765,0.6121619263953538,0.6905324621511849,-0.18142386111809947,1.3383799037639572,-1.8929710769218067,1.180317839177625,-0.2345229260809859,-0.6257267241695011,-1.1973976863003002,-0.17787759101920167,-0.2070239606860313,0.49979173049695996,-0.5148196623973748,0.7220301553007078,-0.43540897061808626,-0.25401410019690823,-0.5094697676984659,-0.8959699672367043,1.7839141981831486,0.5017299420239272,1.4337500342142357,-1.2480105888936601,-0.5834935934697638,-1.183617663196396,0.4872035241752996,0.13085135733079478,0.7130732322865353,-0.6331863393652334,-0.5249265207803991,1
0.018073473423663822,0.5316987339898607,-0.1321617523553239,-0.17821901256785602,0.3385741900816487,1.449413768996868,-0.0024678493121753704,1.7832298917445188,0.12664162513379093,-0.5628043312978913,-0.20729447554840622,0.6208754159067472,-0.9774753331527154,-0.4577893528590192,-0.09533956440684108,1.5658205940941132,0.13026657028768598,-0.18721985977021804,-0.3015136445386949,0.29916456718847856,-0.2029871295864617,0.33615317011402485,-1.5062148709065084,-1.2903683825796395,1.203874741793595,-0.16729256827198108,0.3214082199641004,-0.6274774843811537,0.029432700419992814,1.8875513502558465,1
0.21232614066789893,1.2776190132317218,-1.0511317357761678,1.3542881995844298,-0.44648358559442713,-0.5104985587635958,0.9618388324273973,1.3824186300071535,1.5254327596528596,0.46371387927544694,-1.7424930972457955,-1.674569625673907,1.0387562896145033,-1.0799322818968393,-1.3058930974576133,-0.857894757342974,1.32457364638634,-1.3548344727835422,1.3742909135733763,0.05917346556049609,-2.130479462029736,1.0688892755441985,-1.0683281711205714,0.1790209142295196,-0.7647077295879625,-1.8020960711350316,2.7926862949204283,0.6711713590516084,-0.37920952992655815,-0.16783543238043075,1
-1.7478845946618555,-2.007303899675303,-0.5567345123247693,0.168692744809392,0.29445459730197204,-0.026899852489384587,1.9279491802420827,-0.866034445223392,-0.9477302330958287,0.2787457541300641,0.15630864256123175,0.24822550741034183,0.9502416517170968,-0.5429757067720121,1.0047133849517749,-1.264337301762357,-0.5227160758202096,-0.2636173828593975,0.05737555380698128,0.3276392367214207,0.9374280583543676,-0.3457039056270759,7.186705886302617e-05,0.6080926239670689,0.09743628697865848,0.8581116532307334,-0.4105592843183438,-0.7321087746883707,0.4053541693291353,-1.1385807337343827,0
0.24126737526553343,-0.06086837742020141,-0.5357146329995497,0.2664460756186423,-0.7149058470495814,0.8813614866061223,0.402164556572795,-0.20367863457235547,0.9856210844005128,-0.5749088287057034,-0.8415131841379949,0.429088403610932,-0.2329550134485338,-0.8236431298556439,-0.9031362377310622,0.352750225258872,0.7636760165045063,-0.5360619376360504,0.0584770684681394,0.22489579488632003,-1.257995660225825,-0.0570799031958977,0.1802847729902364,-0.13841785233997445,-0.9117978816606773,-1.0841012623977266,1.3978211979219446,2.078156617110029,0.44088101139447555,0.1455224922103618,1
-0.5116938719117121,-2.344972269521205,0.7876293589549547,-1.8766903313378756,0.7456358328028029,-0.24192112713228958,-0.38711727357980447,0.15497201855647263,-0.8873596278742126,0.7672246274532887,1.1360398843476098,-0.017384109542655443,-0.17348659071395278,0.8981238325812592,0.7340946730587967,-0.38856924675227067,-0.8101944243218236,0.9342014921940838,-0.2740459888857355,1.7216926121351421,1.290361631022262,1.4471347984448446,-0.3363100454506446,0.17270441657695362,1.2445489907630587,1.0828572498414681,-1.7995753702043527,0.7134290260171423,-0.8595408213421135,-1.096951797154631,0
-1.0295645922271728,-0.03591040363842985,-0.08490732353535393,-1.4031384080889997,0.06672645623483983,0.6551002716225308,-0.857134710434541,-0.868676915480973,0.8938422968560769,-0.2306561688680487,-2.0886291382370894,-0.8696110349031873,0.27127303010929316,-0.40294306860950446,-0.5423172379650053,-0.932086413557357,1.122174430653425,-2.0678775244580767,1.327500245455421,-0.2011861701509173,-1.6935076824883244,0.9481500118021107,-0.19518167291457722,0.2925984457408303,-0.07460538911875449,-1.3573588313838343,3.1629754315714345,0.06183167201811978,1.3422535263036104,-0.3301680625068308,1
-0.9544040505751428,0.5605292848705127,-0.41800912863341977,-1.1978537453259108,0.10173720583992668,-0.6993188732566719,-1.1950705635150563,-1.6807796249106517,-0.5005167452220816,0.74761024527205,-1.4251236575970088,-0.4089155349199863,0.06410256495022532,0.33262078478103885,0.8453694365082823,-0.4665075273501172,0.2126061278740922,-1.9383770005353163,-1.6131300189146887,-0.6347954821042419,-0.1335447006876871,-0.14726982751294532,0.053514274313560234,0.6830625815082649,0.39452360516187573,0.02754276749719707,1.9390182261034274,-1.1436713015390583,0.959575892385135,1.029758164309032,0
-0.29289083020299683,1.1984823523838992,-1.0634418662617564,-1.1400826010234435,-0.14113682151636595,-2.0198498527638407,-0.25128086132474453,1.2647695267749652,-0.1323348755543434,-0.321169399043682,-0.4710249245271513,0.6131224992291844,0.08918769723854421,0.5196374682685905,0.24318463884156505,0.6337159007251949,0.0867530275232668,-0.6249444364987646,-0.8160641884917624,-1.0206250405038206,-0.07459654798522442,0.20252088273393662,-0.7054337240572864,-0.42035532657652597,0.9991495946171859,-0.01931989550427223,0.6474064380065008,-0.9830329867197537,0.735468509281689,0.029621141956916314,1
2.0079560958623213,1.3778796418184736,0.08830901328435715,-0.1455676497428844,0.5661209469499078,0.6891895986981486,1.5921979140381801,-0.2461598243185216,0.47599974150732155,-0.11314253663097591,-1.2861586604844353,0.2964675660492255,-1.4198575345849727,-2.5315831285012456,-0.2524967838934255,1.058871846575562,0.6539568894130681,-1.3087275030671905,0.11302071029882846,-0.08185774635966271,-0.9743529673511857,-1.190709431945161,-1.3232573567685475,-0.7531209504326618,-0.5680616143696008,-0.771931435517391,1.933043114282311,1.3458710583756384,-0.4307304649660178,0.5720776210049433,1
-0.00800004827628134,-0.1732786482934271,-0.9907135213880943,1.413372924685207,1.352774175754248,0.7711919053297392,-0.027983992670794922,1.605198015209525,1.0209359716915678,0.7952672124822038,-1.3163613692743394,-0.2903718440159333,-0.8345148555721418,0.09256061717143475,-0.842655872820118,-1.3412098118670472,0.9351726749142407,-1.085939824262462,-0.6499442953076904,-0.2542156502880655,-1.4884848979134073,-0.726992992618417,0.0885034738178818,0.3204616215115825,-1.0735434435238893,-1.2484909018943688,2.0837832264726974,1.2249814080558845,-1.1491989346880624,0.5179733762901656,1
-0.7860811988080079,-0.4866628073236956,-1.2977140246150385,1.9801543515313924,-0.3060993933310847,-0.13613584886697372,-0.7998806655133466,-0.5806352797527063,-0.7171188513807376,0.9013767164289195,0.9275876485705352,0.0376450650971495,-1.2758532046813285,-0.6880088148448377,0.5912749971136031,-0.4944926018821485,-0.6578363609008205,0.7663084229817525,0.5304518530891508,0.5749060409150368,1.0467647429361526,0.8740934027649491,-1.8081229539416237,-1.6432690345702778,-0.3646420541171327,0.8777915573193515,-1.4679065862451492,-0.0952011155410625,-0.7234372231630879,-3.1992646452121782,1
0.6563853008413225,2.3464013239933985,-0.45490066810513335,-1.572750405691489,-2.0675233201984087,-0.08412958314923621,1.4928318913651575,-2.327599232930349,0.37861662209542973,0.7704804366875033,-0.7853893167562002,0.09526406437671531,-0.5342620226721879,-1.1630991850510541,-0.2504514309560319,0.5465244160535132,0.44314324197578625,-0.7573977534554379,0.6025353655868659,-0.8197313564388596,-0.6759306824462757,0.20015166480742466,0.7207272382960683,-0.6820218148640513,1.2053695557844908,-0.5469148498907715,1.1977657938303827,-0.6189775684070953,0.48815426453882355,-0.5160481561017785,1
-2.2059351799143783,0.7274902041567654,-1.0025419620049292,-0.9872492320322136,1.57861539047863,-0.29476407422553264,-0.7336079460866397,-0.6582222437501886,-1.8247061933601232,0.814322851407777,0.9531454199715067,1.4746939853456824,1.1871272524080254,-0.015113590085947844,1.7982583288749363,1.3537098399765113,-1.2177967735770368,0.27073418301414043,-1.1815307533301556,-0.3187388995774793,2.0768030839671248,-1.113844377401017,-0.7255183044419155,-0.21738619941650508,-0.3416652836197584,1.836287234975712,-1.7230540242308305,-0.19861572287846402,0.0011609867208726128,0.6917051136079876,0
-0.9370446851917625,-1.482118370434013,-0.18110956240450954,-0.1193093118030249,-0.1194544012563351,0.9973392257590772,0.10321625976591761,-0.6353065343682036,-0.4561855133866849,-0.9634990605160515,2.2689393770337034,-0.734004994289151,-3.856375329240597,0.38364438496964126,0.025632754039864498,0.2277091184759583,-0.9626242979321654,2.4909222638503143,-0.9810872632946813,1.5749343137890586,1.3658845880590569,1.0742732974201217,-0.7122010248506275,-0.7499695279726564,-0.8472699442196283,1.0323708568572156,-3.3344242075025656,-2.3850087979709786,1.519378182951953,0.7300800925375974,0
-1.3126082671526902,-0.32224115383572083,-0.47823260785842847,-0.9959971069613903,-0.9747351819124206,1.6834148447426684,-0.076993664138338,0.5174849028804415,-0.5792760234701929,-0.6425321688062371,0.4524337843136837,-0.6557512606391394,1.0031370033055655,1.9979482045128998,0.539596357884247,0.9372251736666143,-0.435172622753007,0.26476367630092223,0.9515520780790863,-1.3456279183281468,0.7217851592694559,0.2317927626259248,1.264915894972302,-0.5916436402635217,-0.007237313449535615,0.6252568263058249,-0.761271753516881,1.1195661169810924,0.2908711906440859,-0.6505419960415696,0
-1.2178033053225852,0.9530880549924937,-0.3013318614033824,0.15751749733279974,-0.7324538759713198,-1.481845501081295,0.43007764836748535,0.39726633562149777,0.8379764517841068,0.7860963201043751,-1.524443275685356,-2.6244111660438847,0.2230380248264751,0.16685938989267557,-0.5989545030365971,0.06666975541378523,0.9114856485675977,-1.4211512724626596,-1.362029682001001,1.227987809585601,-1.4068549941713804,0.06893105230847263,-0.653690686996257,0.07456406206049655,-0.37571790905371677,-1.150096768326152,2.3452121221221924,-0.9466099102115474,1.476753729848928,-0.7216221912293651,1
-0.07393236525691027,-1.5974542183291225,1.3049402040080331,1.9874008825271634,0.24225815662028627,1.6968540737122817,-0.8811530623462598,0.08303819981330346,0.07092889067806667,0.4221181149044621,0.9523252212877258,-1.0043183843830081,-0.0596098453885342,-0.35160742828186803,-0.27645378746284566,-0.26911080253030073,-0.2733366092991361,1.1701292888161825,0.8584588426390306,0.6503111974963428,0.3317892504822626,1.9468219623461143,0.2813565375383702,0.25094319323665915,0.36605591546079125,0.2079401056680292,-1.3477439718230404,0.898346125075529,0.2854861626880532,-1.0694023872354967,0
-0.5001690973739038,-0.35870624076616664,0.32820896842876396,-0.5540155332467,0.4784096833437766,0.11906207824307634,-0.15634517349918595,-0.47164257863515857,0.09741956829307988,0.22010982379366362,-1.318407498419386,0.32474332035109527,1.4310197801252555,0.5096631077101231,0.16861395885202982,1.2092795388889936,0.47584282133938827,-1.527026108803152,1.662412597822257,1.188599180534435,-0.6393679612680668,1.1658867394684167,0.0385732419762537,1.263189123018033,1.4425916214453727,-0.45588244243808906,1.9044366566121103,1.2363181797064053,-1.2482747560297265,-0.4560416742859714,1
-0.19377632021569816,1.3616234583088176,0.1417765607994892,0.622664215918158,0.7661375845266774,0.39627092094511107,-0.4192313788989148,-2.965210529885341,1.4068028582355663,1.3275546507092362,-1.2590668942150434,1.4744603266068357,1.911894164497444,-0.20794759887404865,-1.276971153938482,-1.0607316239555338,1.108798437263558,-0.8342924755309491,-1.3082191978963706,-0.3292045633289162,-1.8197336091439174,0.009347176365730014,1.388088236640302,0.9305107655361015,0.31140835118933086,-1.5637274264850367,2.0780147423482247,-0.15694480527717874,-0.32051772366596937,1.3957074818675057,1
