0,1,2,3,4,5,6,7,8,class
-0.028192889940290913,0.13878452120958837,0.19209144470367884,0.21661157277036272,0.045314452918392686,0.02710679010853339,0.20512808895151896,-0.454019610403425,0.45511365611734617,0
0.23823555017683196,-0.7838798381466472,0.7324245514038648,-0.20714064417470918,-0.23962389604162831,-0.1242414006527286,-0.05968625844641526,0.9200426619020949,0.8043477526547855,0
0.2898857421872214,0.11237188432602593,-0.7768477317515161,-0.017826174447295062,0.31918286863837214,0.6603958834807061,0.2674272430531347,-0.10731145186018842,0.6553121741182069,0
1.0772377235175108,0.09915427704076446,1.2332061725717913,0.2546669027266042,0.38478336503396604,1.2344002814114696,-0.2394925191141167,0.6608502200100623,-0.2516583663681308,0
-0.5526292410482646,0.3918431084219419,0.45064243467348186,-1.529723231769733,-0.6104941544537174,1.1050870116276887,0.5462055563239987,-0.5840503527039754,-0.44509101448269006,0
1.1757523850326184,-0.0017810502215666046,0.3815738004744034,0.6319300695874814,0.498676173013455,-0.2746571865790098,0.3335063608268136,0.08734651696089998,-0.5924804769106757,0
0.7991254205259833,-0.1836438355817774,-0.19206533329173237,-0.2202174289831363,0.4148061818484928,0.8426299935537052,0.0205753976340185,-0.8295138745339151,0.4805040008509157,0
0.4459320557323083,0.7898227453489074,0.059929267759323945,0.22611054593973892,0.07473745816069383,0.3999687033855849,0.3290987021810695,0.2023776008125274,0.016533523977919018,0
-0.07028442753262493,-0.48632161264894636,0.2786548294202461,0.03565940262068057,-0.013811052371002552,1.269434635055214,1.2265627446840943,0.7165669226372124,-0.16257739319956377,0
0.3308772128404427,-0.5184926856388519,-0.28718402019623746,0.928084697406018,0.05103877262954426,1.6683481836325902,0.4162619485810658,0.8858939561973163,1.7454625822377985,0
0.535115406846811,-0.37156074164186004,0.44257720095691827,1.1245363503742767,0.2700887578288005,-0.7926302172813083,0.7662663575480149,0.37003504795663306,0.9232051114799351,0
1.6189496120336406,0.6523836241880204,0.15934739807905396,0.4662894862142187,-0.11416321789586586,0.702744997227482,0.7884805048468131,0.2295870693172311,0.8963295472944064,0
1.4114466242982113,0.08713069868878653,1.1675456264519641,0.4907961922979354,0.11021058621815805,0.48382391775630207,0.8982992267015342,0.5731227458588615,0.9295363319148617,0
0.32687193574669177,0.534017909205563,-1.006791266627882,0.5361534143085812,0.7233284026438807,0.39444021288304176,-0.10327347883341753,0.25752255970194965,1.792183747010407,0
1.7661258934395012,1.5149672574972644,0.735844227696716,0.5510790666145822,0.3407329558704375,0.33022820788210694,-0.060607651947716334,0.3396279351600855,0.7838437369885711,0
1.1236896236461933,0.06252919128764611,0.36659999471969296,1.1537265421653011,1.2958442281488687,0.6790864110094251,0.10414002310816056,0.5240347377805955,1.3179067274304654,0
0.8198606138460534,-0.16510545005072708,1.011971658754734,2.3433079896170885,0.7770270094974755,0.8366991786963541,0.9011942425518131,0.992525816652725,1.5523968886700632,0
0.34336495423631475,1.4413467247640392,2.485810038447221,0.4089297323165323,0.6585522887519655,0.8630843570633183,0.6692827250603556,1.8051903426742804,2.1881545024966704,0
0.1317638111239275,0.530565746827759,2.1411528528856083,0.8192054116496594,1.2301194368633426,-0.07656085293536785,0.6051505285004142,1.810589037936035,1.1357745566790325,0
0.760556303063372,0.4151583306669212,0.90281959596785,-0.0730705444813819,0.8746216519159514,1.2766308073064552,0.3624386496495869,0.9269836642206747,1.9405653860577576,0
0.6129460162435179,1.138999442297098,1.1516773723946632,-0.07047684902517026,0.7357506283766432,1.896153431527662,-0.41215474017715303,0.7143831986607356,0.16590376242301685,0
0.08693004676857632,1.1719264958387696,0.8234001686616441,-0.2908835918412788,1.0838304190571284,0.9913993889588355,-0.038963726091928164,0.8469662688074122,2.596535704908871,0
0.9192202409583702,0.8457088544227848,1.2987291101027514,1.0545105880780827,0.14097741735767833,0.40418141834048715,0.3775337994623187,0.47899549511107586,1.64281163880523,0
0.2696205557115191,1.7794492247101534,1.8940822052999127,0.5937104485993627,0.2597397818209064,1.5095839306341698,0.06928337380998503,1.8790072418661898,1.9055532287104322,0
0.3345157276526732,1.0457530247439042,0.7273329481790582,-0.1472324352681199,0.9610391578536996,2.1519633112638346,0.1908983692976934,0.6771135954677133,0.7452111609298935,0
0.6311932224069426,1.083833276773029,2.5187133738975387,0.11529756191578462,0.8624344659228571,1.6728841502262988,-0.9467705847031221,0.2239595738829554,0.7695413944603913,0
0.3794187459713642,0.5183371803348131,2.1904944505994157,0.3421507231214376,2.0277540609503517,1.2055830503119098,-0.12446274236569532,2.0750613110113165,1.254135710325143,0
-1.1999520893499807,0.21668288493361132,2.227519411609696,0.4894983602148144,2.4455638389868697,1.075446540666103,-1.4803826985767126,2.100944089480066,1.716867608496954,0
0.11050988450654198,1.8755979689894928,1.9976155297242584,-0.1015539108722743,1.9286941113649771,2.191733660626087,-1.1290310467427207,1.0852680071003742,1.6154283549510167,0
-0.45485064731060265,0.9770050285773567,1.2891192101384252,-0.41646873744449364,0.6314805960186511,1.6921009337304667,-1.0544353306968715,1.9510601177388098,1.5852911001396484,0
-0.8707218635562652,1.7044575081823463,2.5016882154955176,0.18894065122114023,0.950219715414944,1.5829597259882422,-1.7080720273978511,1.0049422973044342,1.7762791374306066,0
-0.707140935861266,2.9694930128016246,1.7657368323676677,-1.4005080491173603,2.0230652489942784,1.5932405474318407,-1.2193547617845033,1.7545422016861014,0.5567862620929691,0
-1.0625029089704359,2.0988087245797455,1.0076061286940985,-2.031918002376828,1.7166070069612915,2.152697410864626,-0.7126752901884863,2.0349565776425322,2.2766306519529564,0
-0.9468282032577207,1.8324489317923136,2.1316181033248673,-0.26916718452807287,0.7016000682831269,2.1540349829063565,-0.3231904311618007,2.231705611210261,1.98196909649181,0
-1.1822825812017197,2.0548857023125096,1.4516038627797339,-1.439368029585157,1.2859379541750056,2.1796037155565173,-1.4911140705619876,2.0380455606449526,2.7176826388540825,0
-0.9061880529782361,3.0680912392834623,1.8471159493213432,-0.516598188257898,1.1287130797564844,1.631257954273861,-1.7128093473937407,0.6370733882687529,1.9246346953918088,0
-2.387990380427481,0.6033021647720138,2.697340149553851,-0.3171797057648176,2.609246785327829,1.6581026910441232,-1.5410447704018304,1.9163612056336132,2.0500996605673776,0
-1.5089300612350205,1.6028421738525371,2.2646844413647536,-0.5068563123229752,2.107572226175425,1.9460464182198298,-1.7800428702170215,2.9929340648895857,2.431312283958172,0
-1.786000223406522,2.506286349352923,2.3771397806392875,-3.5761052712566426,1.4490470402046622,2.5736757796953422,-2.376588240200397,1.8571904984795822,2.81002455196947,0
-0.5658267602756315,1.7311736804339442,3.1637958561308737,-1.4361775807307393,1.6835796908948248,2.792466321335045,-1.5918069746657466,0.7152484564981888,3.1531483060854035,0
-3.236393466067751,2.181505049973396,1.1722337992919722,-2.3674363223404455,1.5462393408211512,3.4058646415639195,-2.238666056065019,1.0326793755377135,2.5014935861337277,0
-1.6505548014134293,0.9834983788787792,3.263984720598436,-2.5952244258811,1.406379117811959,2.087041693597225,-2.5991955654335355,1.05190435665405,2.8461840333963506,0
-2.0808557766110076,0.49647937567524547,2.740691417624623,-2.1176852901207335,2.3427592649512503,3.0875312573778073,-2.682154813922491,-0.15219424702898898,2.672040793439932,0
-2.012592798566093,2.269447212490363,2.673857645319506,-2.8483834246853394,1.9679439530192464,1.6834874714807022,-1.0616150842038181,1.1830501725417617,2.5390214042903394,0
-2.865724966417469,1.0319358197892834,2.755861773869926,-2.147776836290991,1.901785720164232,2.988596085518239,-2.13248742287863,0.7766006928644988,1.6250321353885602,0
-2.5231485726537426,1.3352265746289662,3.22551384488546,-1.9219672344550833,1.0381024504567244,1.9341960517640477,-2.918462996254649,0.6574898736921615,2.965200335237728,0
-2.736470628592347,1.2145105026939462,3.5203623311329495,-2.9449293763103204,0.4787655838010752,2.1695288325393585,-4.285510603317832,0.6067414578945949,2.358385746550641,0
-0.8016691919506442,1.2805253076838627,2.82609154578951,-2.7079254725540687,-0.23158498983212983,3.4197268396161133,-3.9457342664318302,0.07956089318086762,3.4903826884582276,0
-3.1981538414912927,0.5109453142352955,2.950581690785607,-3.2873985441179916,-0.2629064119464339,3.1228108577619706,-2.9607007975949933,0.8472921602688515,2.510206896828299,0
-3.561805432189865,0.3492456631816966,3.4595995575585174,-2.8099607309095225,0.7549511797396902,2.9040304070584586,-3.2651841682789664,0.2568637660630269,2.753301881084745,0
-1.9563517476012722,0.24860346279336273,1.8985335352528059,-2.306655308994849,-0.8144005233709628,2.3209806898968655,-3.848248486660536,-0.37011216025308347,2.6642146703999865,0
-3.004162972084918,-0.6389005871831488,3.16130815248163,-2.9645175882522694,-0.36164891342772537,3.4419920548087206,-3.2896809331086243,0.013039632693869097,3.540472008147912,0
-2.942190003233502,0.1652782884186541,3.5825241401775667,-3.3220260116016487,-1.2961026763194718,3.335608793262436,-3.697405403467142,-0.25168860831667356,3.1017420984931303,0
-2.6004201367080104,-1.0249379620451076,3.0508341862370325,-2.4902951553729675,-0.7404528927357032,3.7808711838338422,-3.6612919469175713,-1.2550495877876722,3.68782912989574,0
-3.241838459055587,-0.2403567112116276,2.9308037674194445,-3.53204989275912,-1.5410344172942647,2.367991312167113,-3.391892923034327,-1.0079815094025428,1.8078336383671572,0
-3.5354655023651613,-0.6534623566870714,3.381716328243726,-3.5133121694662437,-0.7320551766217667,3.845187810217626,-3.893667683665535,-1.23510026599326,4.669608928872109,0
-3.1849371022909407,-2.683606409961879,3.1853043261548866,-3.6629042895243935,-1.50607969923721,3.2109322861401517,-4.095812589081467,-1.7108537990300117,2.930076982594055,0
-3.733243421759169,-1.1069024568951926,3.4520215710450226,-4.169952135288329,-2.0762941244868953,3.7740818542389065,-4.04133866474583,-2.40495461102079,4.060619592739762,0
-4.048127390284976,-1.6827515984510022,3.3792919203575504,-3.6927078053271183,-2.3967263604127393,3.6249308883861366,-3.4197079066013307,-2.1926853184055197,3.9625317628884247,0
-3.6137880991595845,-1.254260399182073,4.66268962407807,-3.074979561602067,-1.9743035316811077,3.214952451675816,-4.05785123557547,-1.2947802980220633,4.15271156191068,0
-4.439611225839398,-1.2450691860728822,3.1051389482008784,-2.884990542299931,-2.2542719201874903,3.5417139804458966,-1.708382588350621,-2.6741087368583782,3.2981745307265333,0
-3.1387920619394554,-2.445589064220285,4.352871393404437,-3.5007815864711165,-2.843414684735922,3.3257679523024315,-2.360088663328579,-1.9726732707145327,3.6486218675240356,0
-3.100955918820475,-2.521245635946631,3.5628134705776193,-3.1071716327466357,-2.926358700654938,3.600010568906863,-2.36913412079986,-2.7566404542923233,4.154173055825028,0
-2.302919528393147,-3.723609905497235,4.17378756821112,-3.800646428296445,-3.2493556089560585,3.432847027114662,-3.1961842816384616,-2.8530461388829353,3.9806684287649143,0
-2.4352056453534074,-3.2664618472227027,4.429661703175698,-1.200397306981013,-4.47273819343971,4.282389520929509,-3.021624344581588,-3.899918816250155,3.4958424558605476,0
-2.4274763877857133,-2.3759963867097493,5.022833380564059,-1.4639241251482762,-3.3928743656222653,3.588666880451811,-3.193664256441137,-2.6711283211379477,4.44861134844743,0
-1.4528336881822952,-3.564480023803232,4.40349288166854,-2.5888461784058596,-4.498194219299955,4.502403036056069,-1.0563402522862824,-2.328613745376356,5.537974112178893,0
-2.20964693161835,-3.193349448254437,3.9930331145788434,-1.8768463557267496,-4.282278929618757,6.190343573207386,-1.1533303508496013,-4.1687545155753085,3.9778357441007017,0
-2.410358568406653,-3.9367722363719566,4.333500639210713,-2.272265746310563,-3.7312055096793064,4.139894708577257,-1.3410846102574194,-3.141605448189754,4.586925030374982,0
-3.031884030843486,-4.155269354329885,5.508269849760163,-0.9007076809254082,-4.228947800920836,3.407967565780968,-1.5879857794223704,-4.8467331819447175,4.4938980980206,0
-1.2578856635343494,-3.888393312882607,4.518403166259929,-0.8868764020397519,-3.316330271255132,5.682752058304383,-1.5056466881541593,-4.2654301195541064,4.19785207457325,0
-1.0491926442077861,-6.113864768516585,3.698784427443263,-1.8059185707372873,-4.844895751577734,4.692880090403353,-0.713824769529871,-5.069909546236336,4.967249372249141,0
0.011235497459323285,-4.261296292230564,4.316651978508229,-1.3346874369690997,-4.7310188705658724,4.468532079035696,0.2084281024067366,-4.257865139517874,5.022198825577651,0
-0.9927575073699668,-5.935199206371084,4.364342436286186,-0.5139658872874242,-4.4881729271659205,4.385083591258351,-0.0865057287295074,-4.707978559947503,4.279885768813114,0
0.2656443809659914,-4.718858006805167,5.110902805007069,0.646205733385466,-4.691577040858328,4.042217103538786,-0.8521194682376996,-4.699781044455815,5.532719072697687,0
-1.3776693202370263,-5.235946366103756,4.002877552024252,-0.11531833219812371,-4.1061492612317,4.532929885748052,-0.3476818310656724,-3.9475752223993426,4.742476084658695,0
-0.3633131635403018,-5.474256612646345,4.494552422224057,1.200707984812917,-4.397068479495509,4.331277100042174,0.6969697058582085,-4.035022040395111,5.444552047075713,0
0.956632477739755,-3.9209759693884654,4.990477010555889,0.9130348157332794,-3.9748672573795276,4.399956978211201,0.20830086554140903,-4.91110324821583,5.068965685881018,0
1.4554139811666578,-4.142311632157391,4.757260165488369,0.5422521611998756,-5.783513916310926,5.277045506176524,0.7592442359836185,-4.149695714164283,4.949261406138217,0
0.36511098454582946,-5.013172618416218,5.0432115452636745,1.109889219287331,-4.327726177584143,5.571428407660252,2.2670267829328448,-4.109271078771116,4.983675497337634,0
1.2051790107847038,-3.3367013908548304,5.140359793909982,2.0613693565928193,-5.352406086193127,4.916357195363099,1.4934644536295096,-4.097918415688495,5.457533381470464,0
2.030983630989711,-4.109793016921096,5.243649209322109,2.50853124071035,-4.439297492555256,5.416163263341118,1.0585766839514528,-4.617412643165263,4.454995184146017,0
2.268199762810593,-4.7215134443736035,4.621924229831037,2.8843188347018236,-4.772928373477885,6.435459411046218,4.056730280685259,-4.42828758515403,5.400898284212981,0
2.9730039738849685,-5.657758640215567,5.719800573636159,2.7729414432799038,-4.9384241470731896,4.736853057784815,3.2970750507139717,-4.695391457196394,6.027380282916135,0
3.5080496552855864,-4.460915448640486,4.983226949564614,3.227475988196077,-3.6973165319803223,4.324098347170908,2.921814706175472,-3.0012918377517543,5.610745854935163,0
2.5033999643352565,-4.635118127784027,5.360590454084912,4.624300731892659,-5.262665746010443,5.867220204740075,3.265996426989237,-4.016806967674547,4.319525856813223,0
3.8403693188770958,-4.366383332696661,4.703563057969885,5.018218715462095,-3.0011572768126937,4.990427271323766,2.2980539192847504,-4.138182239260132,4.6008669277230245,0
3.437598690597336,-3.651926311989394,5.517776805902307,3.8977935048656063,-3.521334678440344,5.177408623755638,3.6335937011463266,-3.598139770992717,5.506446527952886,0
4.3563186225572315,-4.0669546932955445,5.671094499305613,3.0941610966558253,-3.5885550384514304,5.630813386441817,3.7085008884319994,-3.527037901377235,5.08482016405758,0
4.149267466601106,-2.6667562824206237,5.641873571451706,4.506926284299882,-3.5484792618873198,6.363615160716337,4.487980012648207,-2.221862814671314,6.15394036178477,0
5.336968772553439,-3.526601383819546,5.215095468185063,4.760491444804645,-3.430925562239149,5.761902195632749,5.667538981147889,-3.221714165893594,5.3987400130877,0
5.290392852455844,-3.551757363540719,6.423192943248619,4.180857081449295,-2.657336941297305,4.474729796525497,5.202394108388837,-2.479028259776461,6.077220840798655,0
4.5767993331364805,-2.2600003199445244,6.159642581716023,5.244873922280074,-3.485994924385497,6.024518531842754,6.38829500435833,-2.7214331499222473,6.97319810306537,0
4.377737146173594,-2.3601093676278864,5.789385653131381,4.7580292707817,-4.187303496204193,6.011656952127639,4.547218710352939,-3.3558952456500553,5.886535017662591,0
6.295097831950035,-1.507215407508713,5.8470310974438195,5.807510945770521,-1.9689793599945673,5.419733294549114,4.65612782881724,-2.0195229925676945,5.328787674602396,0
5.334860700170109,-1.5790938824952696,5.55613399209493,6.115420044002194,-2.1293951254182817,4.97766233651279,6.503667077719626,-1.1697765312218307,6.236519252945881,0
5.553627452335447,-2.1624939354584964,5.688475238366028,6.23086303268862,-1.8785761141618735,5.832830808006414,5.977128954294541,-1.2473859998701469,6.2318085015436,0
6.49434675149321,-0.7805916950870095,6.999429211826046,6.64267266271378,-1.9083522254979282,4.743469423959753,6.329529922427456,-1.6567308734878163,6.27533527500475,0
5.5467660572707045,-1.130074001983146,5.973470704147254,6.4423336531704685,0.13723226096716667,5.116416482988717,6.144578055302018,0.3658572000902438,7.009280126927776,0
6.367974595489523,-0.10958735709411137,7.909959841385493,6.721675661400475,0.8950137460287262,5.441013376532515,6.365597356549095,-0.9111708076913146,5.539913709931689,0
6.32268261282778,-0.15945703484852913,5.618971073460358,7.086770385932511,0.16831186089541295,5.563193757428555,6.724362404484192,-0.26444035260397847,6.914451450846798,0
6.3003519776338575,0.47993562193654205,6.599171658581529,6.084159249773442,0.5098280034541038,6.9054064155719805,6.500988620497514,-0.07181148367964107,6.014194273298038,0
7.078150817110867,1.038512658555034,6.576778356891634,6.274617499085129,1.2665107689507362,6.350566991320161,6.0181615290949875,0.39084776542701294,7.269409913348043,0
6.625627630911356,1.866184438908457,6.525953723087249,6.132795451116823,1.6438955166623614,6.713328983444412,7.744107266207191,1.4528604543147186,5.230843876024914,0
6.891425755802859,1.5103726084137912,5.612102826398134,5.856803486870406,1.5290624890773192,6.692205439197235,6.360576582612023,2.2077662517447725,7.905720172180243,0
6.084718495575687,0.5830902469320818,5.80776086244247,6.055615510644715,2.9846101889371957,5.7072898808242725,6.114916433409479,1.9046668021496838,6.468004307830992,0
5.703205767290852,2.097003302726833,6.810988136771269,6.638623557127796,3.350382761876863,6.355445648579842,5.930363531077482,3.009574879887489,5.9674774428064765,0
6.636397424781726,3.161983268631702,6.142354411305685,6.449356041802192,3.5275125045249327,6.619854740247674,6.217595117097169,3.543215193970786,7.301320779253722,0
5.518486374645023,4.196471207055657,7.545369939308323,4.84431940554567,4.554244958050411,6.740149220429355,5.715328744839305,3.2900093573987528,7.126924939961782,0
5.755412756672271,4.06574919193208,6.748702462915556,6.710513617505752,4.3504990863612445,7.170498120449903,4.463757361736318,2.977644621880696,7.155000846066041,0
5.728578030157304,4.872992238563525,7.099239021641545,5.9826999984183065,3.8818469718693405,7.501280917635531,5.32197368891737,5.183943718767038,7.5039943696031335,0
4.77917677756485,4.749034259052427,6.985110953535853,5.377523504596453,4.701888700877926,7.231275694026297,4.591024097833926,4.252069423966587,7.03121836209758,0
4.521368751789488,5.151559036415648,7.031611858210063,4.15254166333323,5.58469329718984,8.129529378998095,5.1417559732976095,3.694686350162855,6.896994023061204,0
4.53309258229479,5.227384784962592,8.048144481059854,3.984852054158757,4.741689804593482,7.39878960356847,4.678009387774679,5.13919238511867,6.4400427841723396,0
4.8325458478135355,6.337977436970589,7.84942741089585,5.287933301308888,5.544656896223035,6.87815885379242,3.9878428321013026,6.058563528543218,7.130514760790855,0
4.2600399707092516,7.0137744640466755,7.354564664140604,4.655086597899609,5.076234669598276,8.032419441619279,4.617020972549545,6.466306344138679,6.955105512713943,0
2.8838919088501953,5.745615908196168,7.730094111401652,4.373080269229612,7.531302149814144,6.593382005343367,3.6535435434733845,5.6421904717079245,7.3201014232554416,0
4.489446067547397,6.736261175642014,8.092136662107182,3.2382045877110377,6.845767924020268,7.708735246847512,3.091636583707219,5.492203104313058,7.456023418846392,0
3.147333573368303,6.140582722074343,7.092720334147091,3.703283884514886,7.213546705008631,7.361329202911438,2.7020550401472834,7.0392796551941395,8.493840123108086,0
2.247691948143679,8.088725077988316,6.581586237673904,1.6801239464364204,6.180740566097612,6.999663434908422,2.2712082259403754,7.395997295005364,7.066176124503036,0
1.9754357709818817,7.3929297381383465,7.909523274282997,1.326932308943219,7.957564024864847,7.70328451842463,2.3710837795892044,7.961112283011216,7.4930784489909055,0
1.4708580304773415,7.456037467888478,8.388446085793815,2.221344108452625,7.654614132080903,7.469570467401812,1.1484923507647518,8.069917747721243,7.379613419589415,0
0.9277972996912838,6.934351534420525,6.675196145198125,0.600517040121774,6.538489429188693,6.596558183268808,1.1932630479984847,7.705530801688041,6.862273074905217,0
1.3730086717128414,7.602644208670662,7.403364501289899,0.6496306868917444,8.011954225744224,7.877672894092242,0.371132927895911,7.186740759532603,9.514190876394464,0
1.6112677209820463,7.782743586707847,7.685454232635433,-0.8795637605266253,7.241410717488761,7.210988974098721,-0.20042313284093752,7.538531197036838,7.268624490762981,0
-0.6191318666278465,7.242870404362479,7.3039570701855805,-2.018067501937424,7.921218519700872,7.966939082279239,-0.027887386935306457,7.74152745442699,8.115088785784007,0
-1.0895879287676211,8.005312401879383,7.869825138412087,-1.4279853926552912,8.36640175470545,7.880302531433124,-1.376066407136273,7.365528561777052,8.976726986070702,0
-1.3773911904443827,7.394601496300668,7.351652025924604,-1.5505876533196354,8.026764239316497,8.278060749661867,-1.0108136713156606,8.558401715676604,7.276116323271892,0
-2.66006764201449,8.132849185987418,7.891439395852268,-2.3890514299258845,6.765565031434543,6.719438208224189,-1.648338313742311,8.488759333573329,8.608527378650216,0
-2.0286678069562063,7.209423702945235,8.56565951880431,-1.9731557584287092,7.959790368173848,7.551499937551417,-1.5490415900218024,6.96350394909664,7.222408533837815,0
-2.7429205292440058,7.790987606309473,6.9674942554079395,-2.2484755906410245,8.208070853316967,8.273654078224173,-3.910389782478091,7.503722314075423,7.727747126937247,0
-3.2709544247658853,7.442709797873674,7.64167422230355,-2.99463151523679,7.438710420179553,10.00213289789038,-2.749259060513239,8.796230817270358,8.609123993071533,0
-4.972032782430576,7.56857624734917,9.17589715794014,-4.554167557668116,7.697200770573497,8.418775750442077,-4.041757559621474,8.085476310448763,8.171849187730787,0
-5.70863935930132,7.282825667595446,7.904036955693971,-4.036625942071922,7.502980021846384,8.134609398092044,-5.424062866416365,7.296357558067361,9.271341003646581,0
-5.052746821148351,7.003207690757376,6.902629463532142,-5.569114696463303,5.733610635749211,8.985654341864798,-5.2275857499328975,7.603873687704725,8.538879942741334,0
-4.903233880205348,6.23324603131979,8.627632876580364,-4.182187770228547,7.427234868263162,8.171481169080558,-4.993019784992852,7.66666148649806,8.837522833149992,0
-6.820093944926342,6.708543007880737,8.543220680222099,-5.723972839175361,6.040346733926231,8.847629996100208,-5.804808965991279,6.432896311020446,8.174159668531965,0
-5.652148080657827,6.216894505417736,8.740100849704232,-6.702857819413833,5.609788108542848,8.682417352875017,-5.380657260491523,5.230326305951727,8.02809712038713,0
-6.788317682500996,6.065321772354443,8.748799583459565,-6.574579314200896,5.266069929224822,9.35756619265975,-6.809315284126375,6.198833627746345,8.02079385673398,0
-7.499495678857068,5.277685095556186,9.541264173575065,-6.901225612607158,6.03116378697683,9.174488600165825,-7.022219047117381,5.839770216509965,8.216547369653059,0
-7.324927425436035,4.767579931812084,8.418825666165349,-6.950370633934781,5.759500108955232,8.553163127911048,-7.485830421743007,4.271840205850145,8.42369439944203,0
-8.501189947495932,3.8226374132887675,8.84752684948166,-8.855434110872684,4.715034100191241,8.002573487193576,-8.335517322334745,4.587908023675661,9.598070172892655,0
-9.56650744342982,3.5668935627975844,8.707345160419624,-8.461221132475627,3.674696947927386,8.325437584516663,-8.060751804841104,3.488942403209677,9.208999084561524,0
-7.612109489818247,3.1881746339685963,9.435923096601694,-8.046944113147529,5.2176000453420235,9.207945785395259,-8.46740657306281,2.485283952346968,8.263466598689119,0
-8.627324178056437,3.536576827098346,9.559778942547172,-8.130822603065864,2.948963213755943,9.062182176427195,-8.54553597245032,3.092139240805962,8.846132857519274,0
-9.261468713762401,1.6812684976498709,9.37984282748698,-6.866328687173138,2.036428971910985,9.172770563714588,-8.793030113736867,3.2992581711783617,9.138185250830983,0
-9.372815932571172,1.0752270685079446,10.511829841427197,-8.199057284093985,2.4936726227744703,9.3720426960128,-9.025049654020892,2.0716123499896217,10.979619546679675,0
-9.654145738060965,1.27208145977563,9.614678647685192,-9.602357970402739,1.2418071328695377,8.791384584737095,-9.131276810519571,1.4206025385978724,9.287842964086593,0
-9.528430844023635,0.2771298407364407,10.098842892828962,-8.252191206507142,1.9912462584792814,9.283166407801243,-8.65702488726776,-0.06263518942684176,9.618020495142382,0
-9.475267051917257,-0.08095013603042814,8.877767850970342,-9.059861285753417,-0.3592701877007106,9.402990850222507,-9.994447283767915,0.5254975784985625,8.81357103417254,0
-9.048979940050991,-0.7122187090458703,9.053212505817525,-8.641621317614655,-0.5569100670056197,8.609510310983195,-9.895843149864923,-0.7805589131655303,9.90452793476684,0
-9.894566656043994,-1.4301279351213139,10.72348831002423,-9.197068751524988,-0.13189992909180215,9.168246727695205,-8.62702359688133,-1.51837647952591,10.363555794145103,0
-10.088506463392454,-2.116280681843361,8.78607680590615,-8.591823567036391,-1.3655784438871996,9.83329034726925,-8.691671453030565,-1.1291214917011463,9.50794143663697,0
-9.713584851453193,-2.8256115971020535,10.122291112601959,-8.74223689979709,-2.444363072411498,10.08096623081224,-9.236557190312144,-2.9959428610617302,10.030879346793384,0
-7.812139444005528,-3.0950888072684863,10.496742389967613,-8.959152624737943,-3.4269414490987247,9.240061299626825,-8.07604252391801,-3.0004920190587683,10.070016865338268,0
-9.05565298191767,-4.353799458824139,10.493204958929615,-9.412714498072168,-4.157960253554674,10.08753380575891,-8.856447093460744,-4.165104274395165,9.829548680576426,0
-8.729789027760269,-3.709568247510092,8.893828612621999,-9.234522531221135,-4.849802909002577,9.482355881695915,-7.845254703363564,-4.2526527949915005,10.62560509065417,0
-8.903276074952936,-5.191184139013746,9.703686375592564,-9.320401859461924,-4.0774853465819785,9.38672060217443,-7.87457989562582,-5.975882113566824,9.43495820363553,0
-7.4526454531944335,-4.964704985236302,10.350635802999081,-8.53726065482979,-4.7652442968324715,11.123427587919648,-7.516106185759103,-4.911653156555784,9.454013666513863,0
-7.680972526165295,-6.1941984839708315,10.485675164136858,-7.53245875890749,-5.485938767585438,9.791427128651248,-8.885907841843485,-5.564474599350263,10.043137216497755,0
-8.488092580257922,-5.7215110426428755,10.0982094608711,-7.5150607189022205,-7.006952709303788,9.218706113625164,-7.462746592800071,-5.037835261186472,9.879610813558534,0
-7.39964531597897,-6.846053409473046,9.749097201427318,-7.959272236686591,-7.044845800183863,9.903941090407317,-7.544169311389453,-6.724804859131402,8.41987058978606,0
-7.321659588034691,-8.020930913399146,10.065818039086723,-6.508621480067882,-7.179289566287558,10.070156075929711,-7.8924340975160865,-7.916272758327681,9.79110823028841,0
-6.4040621099596855,-6.357020582346398,9.922118340742578,-7.356387448420175,-7.099435099959678,10.840691366215951,-5.849096377056248,-7.260846911518847,9.015014011270244,0
-5.581515092628729,-8.561227219580184,9.610570417798577,-5.979980522510013,-8.093957661561118,10.140810758434867,-5.462839293699776,-7.729226289807011,10.16384368915895,0
-6.410922874758946,-9.0708402092375,10.239907449275027,-4.84018232083414,-8.657765008758616,10.646391115038687,-5.764247706297564,-7.952880796439434,10.847292838028938,0
-4.930023591986419,-9.425765465669262,11.592077878891798,-5.851069840866203,-9.689736058114246,11.120176988749227,-5.516055789002764,-10.309238821645836,10.514984711125486,0
-5.070639320127219,-9.257366272491728,10.378326318132343,-4.483986397898893,-8.955128533999606,10.19558088594762,-4.551481487618591,-9.916774379931555,10.625706088648734,0
-3.1518698120288438,-10.696757086755708,9.701124304294343,-4.4208923049617965,-9.992111673013262,10.783343885137278,-5.0904142714351135,-10.369651718540847,10.515459584897075,0
-2.8139261653473553,-10.036398873778731,10.456737317727585,-2.416777294488212,-10.963775105137783,10.634167429728834,-4.202124705251411,-9.200760096306803,10.798952057489624,0
-3.958736483010327,-11.384068660394892,11.77191425558408,-1.4150202908475538,-10.903675745384362,10.870238461639547,-2.9445248898890637,-9.889622480022483,12.43004989102894,0
-2.7931174393688165,-10.632897802165978,9.842481003400483,-1.7839036001096868,-10.17854172007883,10.85879399202459,-1.7477392622000059,-9.910395312772176,10.586956544670281,0
-2.259342568836729,-10.087777668428803,10.860822494200526,-0.9261753268236184,-10.334112919578955,10.949069909085535,-1.5643266445540147,-11.414713271194772,10.853431989823397,0
-0.8123739674695462,-11.229745053192016,11.367177806093013,0.04437103537167009,-12.505605376794456,10.753208506773621,-1.1089285935498068,-10.817436232355119,10.405813518272714,0
0.09413289452941888,-10.45472630638401,10.303107757491214,0.37222444890693546,-11.042260000005811,11.002779038049916,-0.5834386953751751,-11.963748799706655,9.845465955237284,0
1.085162908047531,-12.035603381692939,11.165305247413997,0.11626773467047846,-11.80950571833692,10.887145626073234,2.0734226706365475,-11.69534859275738,11.210147798096921,0
1.1654170364734973,-11.409157203768514,10.566017440139216,1.0459444933430455,-10.798698849221536,12.512702382705564,0.6684990525842693,-10.962046619314593,11.793022459793319,0
1.8486268875076526,-11.728104297599042,10.44166994297274,1.7468877993950687,-10.64034093107648,11.54022186714824,0.9213466736161138,-10.860404678013436,12.569151877417912,0
2.8936688307433194,-9.76051378350811,11.613871958894233,1.6833541876194265,-11.549831172906567,11.241646737921588,2.3776832026048407,-10.66941877095358,11.127745710927645,0
5.315205353290473,-11.016698859340613,12.397251588268336,4.011714383515366,-10.766103970256447,11.100671036306352,3.7357066437770405,-11.162203291118479,11.147911733358612,0
3.21195061771229,-10.983540419930799,11.134345883719623,3.3697979463960164,-10.091618689053103,11.953783020085151,4.18573282473957,-10.338054048949285,11.927888435122878,0
3.68014496584598,-10.524063991517039,11.778166323029467,5.304844607516164,-9.755216810477531,10.94052065698149,4.357107350180906,-10.366638746045366,12.457030523270872,0
5.160907697448759,-10.09682967783152,11.783107331307953,5.046468235218113,-10.608062104317929,10.72283014964781,5.597978932693763,-9.158825355429826,10.751425318322942,0
5.711433953545233,-10.010836072992351,11.660406608263543,6.009274243466143,-9.140837473870777,10.740927888838021,6.808068429904107,-10.044188415043813,11.95474603430859,0
6.342254352234497,-10.147026011342229,11.20591481177112,7.119835168159889,-9.277580965304201,12.397651909511879,6.907407957021641,-10.533062108253475,12.715869334059406,0
7.399320460734965,-8.224594505591913,11.074322523515944,8.323247831221382,-9.330284317695877,12.429634841544331,7.499039877789017,-8.664134084652861,11.532932680167992,0
7.302939052578914,-7.942098930565164,11.267141055668935,8.526780919482539,-8.649329843761555,11.841348792820696,8.099421801432438,-8.393486634474053,11.050563573104872,0
8.22025500684085,-7.9161910339677295,11.701351995370903,8.506672339224268,-7.635970015161744,11.472440485771227,8.129920569639587,-8.650008152810324,12.279724919906746,0
8.944294037637658,-7.431140013177583,11.62017295179675,9.100481413836608,-7.12920249826154,11.542048362169009,9.390657183248429,-7.79496105448106,11.064432375354343,0
9.470655945110511,-6.916375851669492,11.245438896039612,8.927095993560341,-6.5010872574213,13.160133917882922,10.258457864656851,-6.929249890280556,12.649090162698709,0
10.027254685753762,-6.731614662370171,11.874946157886678,10.494010002230178,-6.861146663687281,11.94356154754622,10.923310963244214,-6.685272701286086,13.19244535118311,0
10.464820592158535,-6.1763279301865985,11.679766565217983,10.505360443908607,-5.70266353175014,12.267016815589653,10.812400790472624,-6.503470222300265,11.761120391957128,0
10.47452221022593,-4.230113225310395,12.458514305630667,10.40074846044086,-5.330421697280139,11.860351850273396,10.967808754303833,-5.306350882619852,13.119159035721534,0
11.170113711039694,-4.132908461496397,11.952918820777334,11.790056919272736,-4.3807570504211375,12.241735374884232,12.449156105587281,-3.97737141208942,12.56624905710971,0
11.642029024012526,-4.601924228028011,12.756883142555731,12.496606435687097,-4.108222826908381,12.47734744373723,11.717254118149961,-4.02101332478051,13.082209737901366,0
12.499227270673881,-3.3483713096238064,12.451612827843805,11.816039103417287,-2.1249265642678994,13.39753434756293,11.63257125671931,-2.9503171169666276,11.923855734823933,0
11.266998149977352,-2.0381322659978416,12.0789336752367,11.818009032938113,-2.3415781633075454,12.324761568032304,11.742038815418772,-2.4396005914962275,12.7509737694428,0
12.355681080636776,-1.3461932762078148,12.342024136919523,11.994073295055706,-1.6503679847541723,12.7500760808172,11.858752941753712,-2.307988407063398,12.585385828497856,0
12.577165598832746,-0.47227013221013614,12.422156476478325,12.7192906482032,-0.5225038167850851,12.288839393747734,12.176328579255163,-0.8528414687011853,12.031849121115103,0
12.67699161428874,-0.8916228670615597,12.666067143374248,11.850940922863746,0.6654168314103567,12.678087561531084,13.722271841576529,-0.26715010267566297,12.355209885858441,0
0.34567109083683184,-0.17719778630017335,0.01866027135970504,-0.40207698591384416,-0.12015140565132146,0.05851668781655882,0.3056102995175678,0.4458865828834605,0.3312295689040659,1
-0.7379779881283339,-1.0301155423566242,0.062470239262246194,0.03993685512318779,-0.6987203837961777,0.19346190593563956,0.4171242288297317,0.35498250402572246,-0.22227603684407504,1
-0.8461593456983528,-0.9213022319986015,0.4881123146384375,-0.6072798477083512,-0.4252278915855508,0.8018534568454889,-0.4050952693592631,0.07894917066186997,1.2241413944119355,1
-0.9523014661617163,-0.3644730089296234,-0.1294434616704651,-0.7690172603100787,-0.29079211677334676,1.166806113431049,-0.021906696863909753,0.5310158369462515,-0.09955181078069791,1
-0.7099894004885985,-0.6196458445980371,-0.23464218645461998,-0.36314426978975,-0.24312266732472765,0.7583638451680248,1.4137307182410335,0.5797776106075095,-0.31664432658851605,1
-0.1283578938040157,-0.4396526041561832,0.0500188426501042,-0.33431775658637364,-0.7248764553711915,0.756853930575115,-0.7020571491450074,-0.6690756048058779,0.4119422819119542,1
-0.6559386388121295,0.35936417875017457,0.3266507948785117,-0.4736854275036355,-0.7594111281667655,-0.5055494217130734,-0.5887011601509659,0.7796134956140667,1.5027604463059987,1
0.3670693862128723,-0.8275663970484093,0.4292924091301098,0.6034505404531796,1.2326246856389025,0.1368765156275233,0.4523888006526862,0.3295267841485131,0.03215735714700124,1
-1.3084889387746796,-0.7879154702099127,0.49932720032811606,-0.41640178036876263,-0.046787179951542496,1.3360736829999138,-1.387384599508715,-0.7698436153595476,0.39652891262173434,1
-0.17112782728126313,-0.6221557976691893,-0.02624074154351952,0.09685588477885965,-0.5527486673888257,0.23853211670911317,-0.33191865915685625,-0.6954201210483812,0.72207984313437,1
-0.7298775929827568,-0.950791669508396,0.5802068037099333,0.8294292458525031,-0.14600037991130368,1.2948085303114019,-1.9589396243066486,-1.1185042929456293,-0.16293246689207153,1
-0.5965387758593594,-0.5738662215139394,1.1048009795074412,-0.8178013874689674,-0.34829191459674147,0.7686519610509768,-1.3613762986980231,-0.06794085743538658,-0.13070552474442176,1
-0.1397970711451345,0.09576939531047579,1.5211230849194932,-0.4612714156967597,-1.064812885474677,1.2276826521764475,-1.2644683252838198,-0.6269304424059865,1.4328901229449111,1
-2.140187808643146,-0.7732211379332254,1.4115691645479376,-0.06931235365627575,-1.7499902234461517,0.297815072680932,-1.0853986202430357,-2.0964555993026197,0.8662294379522715,1
-1.8431490126142098,-0.5287396647695819,0.8476002754096874,-0.48727141966353027,-1.0021973570292022,1.341946634624927,-1.3088273914892032,-1.0162540213083913,0.24787981944940973,1
-0.5907214930972355,-2.16161824507027,0.85222729997455,-0.7193891145046988,-0.8784533485526569,0.5635273769935687,-0.4325329472699915,-0.9974890009217856,0.7590303381240782,1
-0.6705588937390805,-0.8068774358343462,1.756189002321496,0.8690538978480774,-0.921534894240559,1.148688761821655,0.30284443316743626,-0.7923963699589626,0.6747705045690799,1
-1.3689844047389794,-0.05799602750251287,1.0075853470142193,0.20689876524053608,-2.0423381007273003,1.0560505836753507,0.7113257946901964,-1.8669910239784362,1.0782663757241884,1
0.7250005624483378,-0.972254163134703,1.6569276851908965,-1.7391240361646876,0.45682909011122064,1.8518795002943778,-1.0957639796929204,-0.9612209244322554,1.2546012602621706,1
-1.1301337935285694,-1.0412570683862719,1.1823465999670644,0.3794295686881389,0.3234503991219786,1.6990478065677588,0.0020790190147222387,-0.2177389904897492,-0.08920772585307879,1
-0.7020606906909486,-1.0322514280983968,-0.17655038912103493,0.577522628999515,-0.9366848286680329,0.20352545844608505,0.3424216919118966,-1.091374542368679,2.063360676961925,1
0.3687357851140679,-0.34579138138010357,1.7245114047087902,0.39594773713725395,-1.2713002148333115,0.8398593294076991,-0.24871045414807788,-0.9329265865507126,1.3703927748379667,1
-0.6558870084368627,-0.5541476777592785,1.9689993869255673,0.19956428238098017,-1.7053074802736738,1.0077116213646413,0.17426111919634701,-0.42838457113948125,1.0062280163092971,1
-0.6922734034860069,-2.0553997973549682,1.2555535711076373,0.7590071190762308,-1.095110090946744,1.867438269749296,0.10446062859031713,-1.4989520551433317,1.982992761055557,1
0.14974207113704008,-0.7916494583707473,0.8211676665656369,0.44587872802374273,-1.5834325254943895,1.2183256683487143,0.19142226602556517,-1.58931793272053,0.8948485701111012,1
-0.4334016514049576,-0.7529972238915554,2.4916468074677147,0.3596953437819487,-0.8273035250537515,0.925070645054802,-0.42952037925995656,-1.3717289346646482,1.3901152005604218,1
0.35344811084671796,-2.6637780971608875,1.5543235130635773,0.19702993064496807,-1.089237668772863,0.8230489481652412,-1.0798196573646346,-2.1686088174599085,0.9119050773607363,1
0.5359491224391667,-1.6739872895443,1.498718657014488,-0.4148591070265358,-2.200001870165815,2.1413971109519885,0.01888941907880068,-2.106393554778733,2.151617874376909,1
0.5742128669487128,-1.4184871593922728,2.037455952703137,-0.4769811024964529,-2.1464516737158985,0.524011470099242,-0.11346620473535024,-2.957338361807752,2.4842717577894713,1
1.1790253601486582,-3.4497268861724675,3.473062456572972,0.9354156462537987,-1.1877031982848372,2.4643624179533736,0.3049165474957778,-0.3964956422673698,2.0617302706080407,1
0.3709340518196791,-2.204300602525934,2.1848953287028112,1.055482188279259,-1.3792994222722146,1.1222805944501855,1.1793206081473868,-1.297660715483051,1.7809852954088794,1
0.43597892144589806,-2.2424317569295336,2.064527136598186,0.7127836735023229,-2.4809023101379504,1.6889446966620794,1.5998169066439822,-2.3813652620363777,1.192142998653234,1
0.8274943616231906,-2.206683508975324,2.0625910482017935,0.3648120306624182,-2.093879227071165,1.3196207710920675,0.9692500633181895,-1.205304306376182,1.7462960068541205,1
-0.6749677145700403,-1.1887711800105867,3.076333982971165,0.34487290854731256,-1.9079264801072182,1.5323765590572505,0.3124742313713462,-2.3003784328597763,2.2229348325720695,1
1.2980333500516763,-1.83426603877586,2.463412924345752,0.9525081851003152,-1.822385307470914,2.012968372572886,0.936246652531656,-1.7594996837480725,1.8023183977740023,1
1.1209980680854363,-1.5208835769817726,2.728455809607901,1.7399065578848907,-1.816727029330129,2.128127924251241,0.8553544237902355,-1.7358056941194053,1.9372101375818822,1
1.6983539871849782,-1.6813654285462918,2.455671564941771,2.811918495175486,-1.1954906940456906,1.3455059288256828,1.543255993705393,-2.002739709729107,1.600011271797007,1
1.0814128586670493,-0.20353769890483786,2.657975513287449,1.604498529334612,-1.5969415233687652,2.0932390261605054,1.3391531873711142,-2.172103176596012,1.890459291432349,1
2.5759903067920606,-1.0236878058125698,2.232570549918523,1.9414750592347185,-1.5730890538957172,2.4615485294074815,2.31041879848418,-0.8964112417840008,1.5196769355269049,1
1.7921173674953206,-1.55687652115383,2.564351414240357,2.5923388364567064,-2.000395243991659,2.7435271329092177,1.4079994063004015,-1.4956372835141938,2.6287169619693462,1
2.5634224208440117,-1.6171757548396748,2.114230526415565,2.023794730968843,-1.3582294535904949,1.3004525618750258,3.372145986634294,-0.4496030168154519,2.5557897881330516,1
1.899287600628076,-1.7767925489751477,2.2842350012502335,2.425032253516356,-1.3761017780981624,2.301747607060498,1.320364421782195,-1.983440377242602,2.645756142549844,1
2.6208929304227953,-1.8307023271608807,2.9464642193821753,2.834068476125129,-1.5346897334320913,1.4200280699633587,2.5243083139119125,-1.5304643750912146,2.43583387776138,1
1.5392650071596359,-1.840819896688553,2.2931889067196862,3.133604599448037,-1.8130760236292212,2.4104055756303837,1.5060641540917206,-1.1500847243082921,2.36094645829103,1
1.2794249516234764,-0.3976149103140756,2.856796668991032,2.629820827697498,-0.22067616293127534,2.5202163256310754,3.2260746128356095,-0.3249183344613351,2.599745161092602,1
2.5906145081581835,-1.3766322872350667,2.6210640743299867,2.4264102042170985,0.22820387386317753,3.219127134111895,2.742894720399846,-1.3131570124093581,2.5858591167016085,1
2.8116497871614388,-0.2962328083463282,2.2303160165993714,2.946186144624805,-0.5347520915539703,3.4888444652957227,2.947177036744732,-0.33867814993746687,2.9967031936015176,1
2.8655870203878497,-0.8149276018708906,3.104589615903885,1.9049139001395003,0.34794703512927727,2.3548626525434786,2.3849441182669944,-0.3070628041984066,4.067726524882103,1
2.8390739426375617,-0.7849336229855758,3.496362325332778,3.188818903495406,-0.19655778230816615,3.2076417927755134,3.6641660911189837,0.5227887136313943,2.9175706760764273,1
2.8498150736656007,-0.34464673301740484,2.305098074831487,3.610894963333533,-0.9786067966511381,3.487238490774484,3.476468012653456,0.15229352625547982,2.739079539445926,1
3.562204944361471,1.1249904651195002,3.5227528964499983,4.175929465429596,0.2300195913510177,2.7091500319242257,2.8297369795498826,-1.0279505807839506,3.0078186163907668,1
4.280835457660737,2.0765561527538883,2.5514940774360024,3.765287096657283,0.050243874012421835,3.6843304359558897,3.200565377534902,-0.3544018489221747,2.9251601473564177,1
4.803032655545076,0.245085949703524,4.0970082244475385,1.7109603250048802,0.7504914560106241,3.3652551586708475,2.716392495945077,-0.11297972229788977,2.985927669278711,1
3.933286442615251,0.407148278054336,3.687058347520276,4.111653481718561,1.6245302971068498,3.182748484366946,2.6950977395971787,0.4105605206614525,2.9962102446162513,1
1.9153141992165998,1.477218101204501,2.6208067752492115,4.1680709772835,0.6001908760916645,3.4950272539097633,2.918717171480228,1.6988489299045797,3.8209703111027435,1
3.9145311435615446,1.2220656646405885,3.9849022143254227,2.7316150765111287,1.3629519126421585,2.5249964362709827,3.1196244003366957,0.9713358103319002,3.876384002671209,1
3.8873026192228797,0.9677300131419235,3.168320843171911,3.024033811673633,1.8763888462001175,3.6205434522194873,3.265454661520949,1.3804339055903838,4.07768659308426,1
3.168284435144878,1.8853868649458159,3.0201485659158656,4.092179622620945,2.403429294223605,3.0919306687377497,3.2021440633643885,1.4559454028868002,4.267863069143095,1
3.733019821838459,2.283440215250629,4.095616331165482,3.21001413764516,2.4143905293983945,3.679857202815903,2.657562947662928,2.146232801327863,3.4438044940283827,1
3.324083856005366,1.910574435781859,4.449765415889554,2.755464454286832,1.385621493387589,3.4822160152313435,3.563411581154952,1.621474917965874,2.7850860133649857,1
3.013668739296066,2.1574620367556885,4.074647105496081,2.571636705964778,1.6150351109059136,3.9618907896228337,3.6762169084836613,2.182339937907155,4.97059711103591,1
3.072129659962836,3.5410507272999547,3.629024023750912,4.500936568264521,2.971020520172879,4.567124674519362,3.4683421913104655,2.402444580876909,2.4974983110059537,1
2.4685551425297834,2.242946741651238,4.0168878767765515,3.273499805538783,2.5046847951992928,3.9914339971613533,3.2247376381738526,2.6929075398219067,3.7101562252988782,1
1.5612521603904217,2.629627592241077,3.629004047003158,2.497949995994092,2.3633342932830392,4.578569664392022,1.1635844597389835,2.6141738432343273,3.12237859435463,1
1.3862098784023638,2.887880308660414,3.9368181157262354,3.3698418730389816,3.8784099512068986,3.4276929558975384,1.9135901539663172,2.3643934788292134,4.283140479035706,1
2.8941462726040044,4.388929957810788,4.3494373950750305,2.289826512385094,3.1476941914603978,4.964801337368939,1.4509285694610923,3.9290830425494363,3.530473169781833,1
1.5438904839885543,2.378704085388436,3.3119674133836967,2.886223502871724,4.542931438297871,3.5601023324752985,1.095791400605089,3.4948662384637066,4.846709573969582,1
1.041658977306498,4.2432870820485356,4.498674402917807,2.308104099428978,3.485555727435346,3.4788255802702928,2.6457109952061675,4.4269483837589,4.370368798353389,1
0.8145524205834417,3.9060165697348337,3.4465543995870327,1.5412922562306415,3.4756280534854254,4.129138128125105,2.761561829289919,4.211398128881599,5.200883045187007,1
1.229714120572019,5.173281342707973,3.5929292603290492,1.814334139488762,4.04657512857224,4.0905078540394575,1.5198955890685288,4.393991098770642,4.418131166844068,1
2.1822425941335943,4.446523135416092,4.812642133223195,1.5959503999105957,4.688107134830562,3.471135520910759,1.5555143909615206,4.9115476336799455,5.11589859217978,1
0.9302934277861413,3.075691920997679,3.977042761103391,1.4978676045661092,4.542282703738837,3.8067725244407713,0.8018012182073782,5.925267804623825,3.8321112962217327,1
-0.10846227092153804,5.4511983144075415,3.9519891337070026,1.7272623032825778,5.619312456163908,2.3900720299840468,1.452026175474734,5.266543936918849,5.137671007263687,1
1.3612336372444291,4.443919798186486,4.432411540682328,1.7993036885455953,4.688427986566935,3.79904218003732,0.6402174734383759,5.117364021271666,4.528760771780503,1
0.3803390868386052,3.4448707579142983,4.318096540913992,0.4310652512570249,4.563367084016059,4.277017571258063,-0.12847225310582172,4.844665701584021,4.815648810788862,1
-0.32005115898796266,4.491486242576448,4.874900205497658,-1.256950978073425,5.64023449416899,5.629977902534889,0.22523674992707707,5.490030935306116,5.29257708361099,1
-0.12490917878951846,4.8027989784037945,4.904016303114176,0.10980903546827525,5.138254927630447,5.227040942219714,-0.5251654602422232,4.333221947177685,5.031155327303334,1
-0.7195005453619392,4.178293103246081,4.271014789204116,-0.8829598143407517,4.559635230193636,5.056464492176969,-0.6091543467836463,5.1586349978473525,4.388002267474098,1
-1.472222319633387,3.8952352465648907,3.898934818141947,-2.0565452613838797,4.957238296666385,6.224684697035788,-0.6258136759130016,5.580399715286402,4.6318294635653805,1
-1.6887912003988252,4.977441479937875,4.866958618284901,-0.9463380934635706,4.930385635897083,3.9132081926133946,0.8953380344306285,5.3709206121423465,4.354062536953645,1
-2.4240583562250952,4.017302981716248,5.712120234463292,-1.418300014267967,4.640334740302693,5.011187500272481,-0.6102131033994134,4.717879540307051,5.480989546033607,1
-2.285770014690558,4.090486537814637,5.0754573904418665,-2.4872640144009246,4.815508644689781,6.336220294087504,-1.913928914301958,4.979318499396383,4.907530665152059,1
-1.7670721273271923,5.4410438304601,4.9695409702352835,-3.0368353621398994,3.854074318802121,4.873696599939863,-2.889119149932355,4.429149754989926,4.908832836916332,1
-2.10270187673758,4.326869386912893,6.279466211744564,-1.8069808916959815,4.311594038173007,4.744582106475418,-3.99659559920159,4.064264521867275,5.362763920094739,1
-3.06554954246788,3.671381612251564,5.75596201792902,-2.656313302441232,4.66045727949485,5.794800517894041,-2.1894607478988406,5.272179066984717,5.1622462546092995,1
-3.3693153568211773,3.7188602068774532,4.330963832964918,-3.7449431213330238,3.939261119232389,5.033513817984843,-2.5984621361288873,3.9956780248042842,6.068891997930057,1
-4.194077100739224,4.320618398497408,5.263310746977732,-3.17645858972945,3.553969601832168,6.186272972512157,-3.9507624651730793,3.823285143111278,5.901742937209301,1
-3.6317787677603626,4.153185299642116,5.627677699564137,-4.121501142253939,3.875647367875399,5.992734933676748,-3.9219232022597574,3.6476416582690057,5.927581234357517,1
-4.984962550654099,4.089440913969793,4.916408480959004,-3.82812698320119,3.4063815425923485,5.442693618256991,-4.030186708459143,3.2724740324548662,5.307837853143902,1
-3.930282819545498,3.941890278525351,5.44438842827469,-4.240886837701763,2.6660705417408175,6.208479295750157,-4.072892788322598,3.0244878575166503,6.046025293571099,1
-4.439719899189091,3.4086778326501896,5.696060852513008,-6.22960390076298,2.4302889300539525,5.541954550615063,-3.698225935919299,2.173411268364762,5.985325748787249,1
-5.097427556120255,3.3032479882815315,5.612195681642314,-4.873354755440132,3.1832831243293387,5.826058208700253,-5.720160010410761,2.007151734759577,5.016698158730929,1
-4.908835859983632,2.3643751894210165,5.083101128235969,-5.270044036506816,2.704083986966965,6.16072419618771,-4.765920333346448,2.534148521057313,5.661888639146208,1
-5.589644259048819,1.6727050986137604,6.753650221589312,-5.829117636050303,2.5318156808664813,5.639003865413366,-5.25362880656297,2.617237987014581,5.769944230611359,1
-5.468235392159802,2.8351788842097223,6.095966759340527,-6.339862561614807,1.8412132251695756,6.84204670405916,-5.887530785637851,1.0146915209651841,6.833165734019278,1
-5.629525513476932,2.210009731724966,5.483494690159462,-5.888947946258642,0.7738121042138267,6.041012322085166,-5.274561884934179,1.7909920306058285,5.747139555285833,1
-5.214741889983742,1.1600966819700111,6.587821821651756,-6.126349516316907,0.8044793446669494,6.2359574359356715,-5.981484708501596,2.098814117041874,6.351616842548723,1
-5.755486048797322,0.5643659516280877,6.076714231981576,-5.658299198045059,0.7698226394939068,5.335482039122692,-6.097388110228964,0.680079418386952,6.905896409911595,1
-5.531536867237484,1.9569874912433356,6.78351647935271,-6.24781908852166,0.8469577387286736,5.801738758832435,-5.972448647282234,-0.00827393500268181,5.63493154476934,1
-6.012608419478529,-0.34533514091559603,6.18903546036342,-6.1953453285857885,-0.8518160602645318,6.34934196374205,-6.523280762120194,0.16127938626702748,6.419255519423833,1
-6.346023326602757,-0.06300995190246372,5.429084730583998,-6.115312641799005,-1.5860717294520805,6.836000246608056,-5.918974339292735,0.11217416903276212,7.534237465497341,1
-6.040438400459451,-1.0053658145605235,5.737592869524526,-6.627663818967583,0.26612915803726345,7.225665195935187,-6.587727017579457,-0.9387954010485077,5.436645341205019,1
-6.1540016173451875,-1.2593381385038973,7.125703467633707,-6.95877021780712,-0.6538959872241641,5.804646344033678,-5.346871066048403,-0.4409050704747507,6.07695840379824,1
-6.562719785974924,-1.8760001963163644,7.123859302160434,-5.017925655641942,-1.9515105271178754,6.008230927533397,-6.208987573173953,-1.1442689926636678,6.667953420130136,1
-7.148561911641114,-3.139704913581934,5.769744849454021,-6.350602876942161,-1.9819952182241625,5.829439996447536,-6.705998473930059,-0.8025665213058151,6.7859483605139275,1
-6.547939058987353,-2.022733195469386,7.466319482619909,-6.360596360729648,-2.509567502409299,6.926664732451275,-6.049331565556205,-3.265676673319443,6.724943119424642,1
-6.455442168593925,-2.2768963871487844,7.309113786092258,-5.2895714364941195,-2.4971708451474166,7.541642268081908,-5.543954265991124,-3.517998736727145,7.021073187675503,1
-5.67992059560949,-3.4805420427842972,6.376263037850614,-4.880787610773509,-3.386213843850242,6.6620083313111875,-6.958178460665097,-3.332836304265253,7.513366339955571,1
-5.8999172206711785,-1.9235947320576505,6.773108374178772,-4.993450322556012,-4.1765338030789145,6.854964476263985,-5.1006359780369435,-4.290827052653661,6.852487913910881,1
-6.168754820485845,-3.715947028355977,5.56142352584831,-5.915438443901028,-3.592339879048805,6.962605638188564,-5.477065375731624,-2.941592220812908,6.838541227261811,1
-5.573222774125084,-4.175204387384412,6.525778607432379,-5.266092719747145,-3.18693132509215,6.664792932378545,-5.492678621852789,-4.1358626531223015,7.303014080076058,1
-5.433327219698052,-4.422278000456784,6.882516783123425,-4.890225823287535,-4.336575501091594,6.276597627437052,-5.652731714095679,-4.852394703552502,8.203349450899903,1
-5.5325536740563175,-5.376516838564206,7.25811587250246,-3.6391570333606476,-4.975688213230874,7.708507869342325,-4.773026001863754,-4.088518883130421,7.4325123880222606,1
-3.8157896397378255,-5.959180651139807,7.066216111630202,-4.443911666469625,-5.501172618822807,7.228229700162818,-5.2262416635746725,-5.197060663427679,7.758972265315635,1
-4.497840642286277,-6.165135516812118,7.282074857562615,-4.10735788759611,-6.181575080743167,6.869917013157679,-5.5796521085266315,-5.83364555400618,6.254910403284038,1
-4.5274716156821935,-6.353193991137618,6.681057948256649,-4.660262685415432,-6.270678818152163,9.065049050552544,-4.480203805764614,-6.495140312545637,7.154216828390265,1
-4.693238769615637,-5.987991454820634,7.519429937827677,-4.449065297295865,-6.088974497406362,7.323419326062306,-3.859420315797027,-5.990892536384967,6.596930092176052,1
-3.265299311564914,-6.8281047120433485,8.39815842001412,-2.5051447861869405,-5.889088546586547,6.36105600560342,-2.949892840905464,-6.288094599430652,7.3974043269586005,1
-2.608457005509227,-6.484502651209583,7.715083191390274,-2.71182780567505,-6.116604164311901,7.84430105917962,-3.050601070551575,-6.44664241897996,8.30758314145321,1
-2.8928603564804614,-7.842801118926697,7.534907897262385,-2.2335199584510663,-6.983623362194361,6.409638254125569,-3.1889445584300873,-6.6021457251097075,6.73949799963302,1
-1.9827966157804147,-7.67693704926327,7.133365838930178,-1.422810359494774,-7.178281314446065,7.857318034593647,-2.463632931152479,-6.420020068566901,8.61998258684449,1
-2.2709717970272356,-7.895361065832921,7.426953362610832,-1.1047600248187026,-7.43665491291855,7.904537218233883,-1.603759913094788,-7.964768215830948,7.638084354498408,1
-1.2886883054104559,-9.907752623716378,6.916739078952463,-0.7180104500192899,-7.274919834575999,8.531938193619343,-0.7637275915710057,-6.27545896044987,8.239666712122174,1
-0.02274476396406755,-8.012673809925749,6.899774981723443,-0.29200428082445246,-7.709037544466198,7.165768376892322,-0.1856480385501464,-6.657873794240021,8.384436635435778,1
-0.3255002839386758,-8.450669563940444,7.7882638171657845,-0.10219353703554278,-7.789424737802953,7.654103815958695,-1.0025890131469308,-6.797755521400703,9.02761915172301,1
-0.07511540041313208,-7.613031669736757,8.226097932636211,0.4369195447402112,-8.403438799439764,7.852004400863968,0.34214566231473126,-8.011021767622568,8.242113235101165,1
1.6203446370989667,-7.475172856304167,7.443200612359289,1.3646581923114809,-8.445154919366022,8.47605006478644,1.2792650579580593,-8.343130034542732,7.433481315141215,1
1.441990985824174,-8.749972432821304,8.737198260119081,0.7602499529741411,-8.324502398894998,8.280289854901707,0.799453251399741,-7.846869219335246,8.627218361679441,1
1.5322758642854575,-8.019310449372325,7.7463883651539875,1.2038863203627237,-7.7280901433230245,8.394167305533193,2.9142701579608223,-7.7019754854511895,6.480560386977637,1
1.8260867253050757,-8.568914353074256,8.09208607109207,2.394452749021318,-7.984922777373349,8.877334835322785,2.0487415790093086,-7.28675422313201,7.601634980867958,1
2.1656871831365163,-7.502037520484462,8.77647449233686,2.944493452253658,-6.1473026205477215,8.075897049753234,3.466990001405433,-7.795271220497627,7.8608413843551315,1
3.616753650516239,-7.971142646737178,8.084487702999741,3.7953601071484395,-7.326165093307622,9.149970162243886,3.7753854649404617,-7.00611413395264,7.010101122470072,1
4.320448770001113,-7.708175090512535,8.712030369883815,3.7268612532789973,-6.445262152248265,8.282480569292524,3.447588995090747,-7.596212881496351,9.345906984583541,1
4.351539589214813,-7.313505915723285,8.742226794147482,3.884725239253249,-6.292582263262514,8.935906269215238,4.361178429832711,-7.154780150366448,9.196083625686883,1
4.7131218933324694,-6.7747982755770595,8.05741918179113,5.193229977429456,-6.6915461032482195,8.164468863544876,5.650658505900384,-6.512665338040829,8.7323824922543,1
5.653131012102825,-6.6439636046416215,8.136692871859934,6.108114379493307,-6.701528090801617,8.881943443493114,4.978031781629424,-6.6039742765917095,9.112752557365074,1
4.902470558547853,-6.1402087321890395,9.321496246710108,5.972279104751798,-6.915525404594087,9.282963063676426,5.859621730349767,-6.781633730996039,8.807852853756891,1
6.2348719934095955,-5.613217250934481,9.443188723242615,5.31695701748898,-6.4055975071262115,8.001976575868891,5.285938236214073,-6.585641803153414,9.16957597732861,1
6.616644054459943,-5.76289774909674,9.089690005140561,6.77164269109373,-5.178809548483642,9.28097745096363,6.822064534464526,-5.043931804890894,9.471812069492211,1
7.25093673712165,-5.9142427229438805,8.256874935878482,5.8433220420453935,-5.131097266065285,8.88476858621206,6.75943580081565,-4.995128978118613,7.909813002471538,1
7.662234931716342,-5.836063605910828,9.361749055107946,7.350235563141044,-5.260755185476337,10.063700079896506,7.689201053064677,-4.0428883865156475,9.389890861531205,1
7.477831848705226,-4.8893018502035,8.736965320265718,6.516750283286044,-4.556053685129626,8.745474329603894,7.2159876621294945,-3.7444912848741194,9.581327360340909,1
9.1561746077045,-3.8284314891361064,8.205756852638308,7.785447085723609,-3.7656684472462154,9.143054463721544,8.235356683137468,-4.1322983973220975,8.612636378515136,1
7.685109297256353,-4.301978567746376,8.648088126693978,8.642525150114645,-3.457243304320807,8.93646143556476,8.125745422114678,-2.8681195245967315,8.891443080608509,1
8.312196645208621,-2.3154490356502055,8.959017056179253,8.426841048391202,-3.1026212370978223,9.490957953041999,7.015349707970244,-2.748254475266076,8.628082851496945,1
9.3434474276706,-3.058508692709254,9.80833033251649,9.517861849359534,-2.460852060861151,7.8464804813551865,8.88134281394459,-2.496114541226945,9.343084389560197,1
8.645116613495714,-1.9466145984443968,8.738033078849229,9.157511543731683,-3.3281869231436776,8.373320644652846,9.782714419543339,-0.2888840738892473,9.45404040582831,1
9.256017676860623,-0.42867654868934124,8.703245689282712,8.514972071570837,-1.3035473558222186,9.683834900887701,8.531293787995724,0.09311693546132371,9.400183937378461,1
8.997246268244169,-0.846290785200612,9.056190482723933,9.857144415182018,-1.3719138824741224,9.361755879934156,8.93000707491828,-0.3466786025830923,8.885991702222478,1
9.173039364759934,-0.8037845148019879,9.335856243043919,9.821358952606738,0.06955279747362586,8.206916012826197,10.203026844142041,-0.658499695299123,10.23206209853831,1
8.68484138900252,-1.057650791920881,9.875953642974077,10.2258110806361,0.5288164268946224,9.09169968623248,9.795407041597894,0.16139634412807646,9.123046692808883,1
9.93357847678254,1.2952758083219478,9.877540594157953,9.902962556102326,1.5006285197739855,9.299587189387985,9.27977065023207,0.7264336493503569,9.86687464924578,1
9.923868190430058,1.8445739327297006,8.2486746244925,9.736003570113306,2.113371129397056,9.307376927159739,9.631528094625295,2.1470244773097757,10.071530259800523,1
9.859681902531253,2.6122251709481525,9.448092115374365,8.79618246035775,3.2983610429902592,10.220514865090344,9.016551827699374,2.496994816523482,8.634661615376194,1
9.032954208780316,2.9412536226992003,9.799072272836712,9.778443612745837,1.6835188347896328,10.478545283612158,10.773411449961884,2.6860593238915076,9.925661183165941,1
9.349005600829345,3.1544957938924423,9.265638671481552,9.061854012085478,3.4007502236420946,8.44515115475716,9.681834875670658,4.7161738024335955,10.540037223707223,1
10.166678071973358,3.6011428136611987,9.382756788247915,9.453232527322166,2.8486784994542225,9.779335197892907,9.99488010633701,3.815139626581556,9.842534068336493,1
8.924528732847312,4.685596987800424,10.288920589169294,10.088508647833898,4.954980468987909,9.982420696435922,8.805574297533314,5.778766543899289,10.453562178016274,1
7.79890785648792,5.83059675135969,10.387225449500278,9.216682880434655,5.136399526541164,9.088341744587831,7.728327257521672,5.939103057046747,9.570486540575779,1
7.684386196394319,4.022923431357276,9.93414300045644,8.367823537384165,5.51612540791121,10.792337086360323,8.498796665309508,6.184974641242906,10.672994609290466,1
7.3229685556989805,6.907153227718735,10.344776528630167,7.907684804752922,6.5041491712254755,10.326204658602983,8.616748240325556,5.876601498006049,9.421408431551656,1
8.28675090213383,6.695909375927494,10.44467455623553,7.243584920657325,6.238495094133176,10.677070186847198,8.272497364260257,7.832770691718894,10.1536419184037,1
7.326076952650374,7.274615887160829,9.571818003862802,5.695710229531725,8.483675710567411,9.962435022739594,6.0768963979765624,8.55875873338232,10.970854868318979,1
5.706360255744552,8.272993451311539,9.642998436964792,6.678639056788046,7.709199799068259,9.825702560021597,6.777617610562426,7.997555447319398,11.000814060571635,1
6.961196096859909,8.208103477274971,10.120255412029072,5.871168958406102,8.356486661574975,10.014549848037447,5.220691649311597,9.059213077498335,9.576380676709903,1
6.017084240527897,8.872385767969977,10.003558047849756,5.8702271319900685,8.65979524929491,10.353333649284291,5.325543086487926,8.79583711477166,10.290932727694248,1
5.25006561916565,8.152436713139277,10.124496609857834,4.835662143511334,9.68621556158908,10.227195867510469,5.496670718099538,10.03578053606683,10.12280813047626,1
5.496653643726768,9.329682009525545,10.488570245162425,4.718929123938498,8.774811851809782,11.08898153930652,5.385127766957736,8.92713981563523,11.253485130666121,1
3.8642893673388494,10.128954753328244,10.553793358455028,4.749354309431874,10.322036613962911,12.208421556820063,4.135205503108568,10.418729132797628,10.564097990845848,1
4.210963741235429,9.882940943525815,9.135668219168942,3.4878241778466017,9.806789842635759,11.02147947009484,2.7051534896987843,8.60673707337173,10.760916698937274,1
1.4390712355651125,10.173965501416712,10.792451415118604,2.1131031294583975,10.06704742899301,9.566743686286864,3.1244243348968532,9.671043775428613,11.024197320259884,1
1.677286093259303,10.687096804341186,10.647074798251115,1.6186108431036619,11.116305004267403,10.891281356572645,1.6065575470898539,9.952918186431889,10.069925891670229,1
1.928175439018218,11.022403940767266,10.996758259242036,1.8675302363736637,10.602822423622964,10.148706300535991,1.2777116460428153,10.771987749974688,11.040774811173465,1
1.7823597207364708,11.809973404370808,10.539971983643325,1.2272838496001208,11.265246804560668,10.679929722716855,0.8297019188755058,10.36669247663781,10.318431797380848,1
-0.643940647160059,11.251073322662002,10.60642945107025,-0.4362787418960058,11.366810772210844,10.966308841253676,-0.31518312100898405,10.461623777558135,10.6938200265642,1
-0.8611430184095977,11.844873018854528,10.81650428888049,-0.627528119466249,10.824481953132933,10.895343519729497,-0.22842287977433745,10.926354643011647,10.784747982687223,1
-1.213115739446739,10.977958480210782,11.755117747447366,-0.7700331132799355,11.17592768604311,10.492947578500582,-0.8613665978275775,10.959558005555518,11.404381386567415,1
-2.5817118042247977,9.572298050295965,10.927045520135948,-0.9856100045227618,10.70309156255258,11.490287313985966,-1.4011589093740597,10.301553866369254,10.701407373094144,1
-2.8810465516004355,10.648569545654345,11.90676998983663,-2.617240320090616,10.893693061422917,10.043938442627628,-1.8678942666646172,10.099588671622492,10.955556818895266,1
-2.475521288314751,10.285983241186912,11.889679962998041,-3.544424689826584,11.056244012996201,11.535233004764471,-3.510898991341711,10.26141299746419,11.49783788645538,1
-4.739668397427398,10.555447748764887,11.163540042966767,-4.342641974773411,10.019225376295786,10.82534415094665,-4.857010552943484,11.19446118413417,12.197749259713785,1
-4.951906575056837,10.1766996293717,11.123089038359204,-4.721802287709898,10.633581072129472,11.596932999197147,-5.4860124351708,11.95160731854397,11.69228069230098,1
-5.318797824460466,10.258885954809202,11.207151435838119,-4.649147529918723,10.291442773917797,10.68604994586595,-4.44149513768733,10.976581609506423,12.171222793993293,1
-5.8633847315597585,9.38601476270182,11.469569079770102,-6.055793270668974,8.894817781634968,11.694904182103954,-5.173475892372171,9.573911867077365,10.281623212335388,1
-7.303817535532641,9.561748403783172,11.283849203087303,-6.48497450876309,8.98468850123329,12.445544793503515,-5.981953718596195,9.682112410416032,12.48026703630379,1
-7.513696894174261,9.256026782772722,12.123732532755755,-8.259693106132755,8.61930975749179,11.325491081865307,-7.758023296419428,9.03324084106897,11.167894783775305,1
-8.179009474470075,8.616247770500042,11.358026724461633,-7.048472092969053,8.328362981394331,11.375479286945845,-6.992241092640375,8.509187068175448,11.380179696052938,1
-8.395230351074531,7.238123462086397,12.326421037926115,-7.775293997205122,7.542564669529892,12.068099204797987,-8.679219951639194,8.181905762963336,12.973469090541167,1
-9.82670095686241,8.135319862898337,11.312250263527929,-9.298680499519506,8.162556223950775,11.998388839622178,-8.915155049830927,7.765363740449901,11.973934241422315,1
-8.87048606343527,7.417446033859188,10.934458372134298,-9.695943885876835,7.6819277977360105,11.105854206963878,-9.137473797751344,5.997886908634216,11.484987223941216,1
-9.957147838666042,6.342846511622551,10.919753493343812,-9.40435678015437,5.984906818575392,12.66261857041942,-9.355242505825116,6.086076811592344,11.63099251040644,1
-9.91432489944833,4.750512155425202,11.736981783504202,-8.787420575953389,5.144699009021182,12.54655925680097,-10.229852704764216,5.811683874992852,11.231287611355626,1
-11.301744821409251,5.367737015070465,11.639792240664537,-11.969861154593762,5.178522309468664,12.89359190942947,-10.133985858598615,6.617149858043599,12.133100202801758,1
-12.055236110733503,4.191226927678915,11.675837791754706,-11.629680568254326,5.306084575044602,12.515025959421294,-11.315146969207392,4.890223872387472,11.985894886211483,1
-12.21777798259318,3.4743214642687716,12.840438966744859,-11.88156829861036,5.096562271685688,13.383318806514955,-11.766776930089303,4.4652297617148635,12.652299716032513,1
-11.502640746855143,3.0304221252573305,11.874869655940131,-11.298464919545928,2.6726259008990185,11.190214362309037,-12.115246791001836,3.0112168900003575,13.345152583641402,1
-12.41997146792357,3.2039032594301395,11.19757137942675,-11.942874124792874,0.9657440607280026,13.291276090610042,-12.845120176558158,3.1941174154508754,11.624600845858355,1
-13.312894863499102,1.6551113146137497,12.778922132629551,-12.648412614289409,0.6744594557772015,12.206122607578221,-14.019978949119709,1.7375134335370241,12.79764762983326,1
-12.370005449864685,0.7226265672222643,13.304863405705376,-13.328044571269269,-0.2804515149503648,12.176841635840782,-11.85344724822695,1.2844721543917652,11.583281949513596,1
-12.758842898897056,-0.31289048143171605,12.836286941758148,-11.95959017668463,0.2501037311071926,12.137699231250428,-12.706839315623263,0.10509610806664078,12.82724577601719,1
