0,1,2,3,4,5,6,7,8,9,10,11,class
0.07095398370132201,-0.3060056222131326,-1.1241496267841555,2.023676858644106,-2.4580542900042173,0.24509478107655758,1.5560279451903312,-0.6775644360151716,-1.1034779480354522,0.8274069261172512,-1.623366227573566,-0.6385555392990435,0
0.6074294818875147,0.7818088689195068,2.137279793234646,0.6747812781035751,1.7172519373178905,-1.2880654570695464,-0.043948173182885145,-1.140342333263093,-0.21930600937490408,0.2684764081983895,-0.37222236239154144,-0.35762249867650203,0
0.505526213916976,-0.7652499161493506,-1.0700434806453645,0.4457763373361756,0.14923570502559036,-1.376674578829222,-0.5920413742526457,-0.6949820400383258,0.40171734415068244,-1.4763974563849973,-1.8322630628002636,-0.14051161090369393,0
-0.8600404998180107,-0.1919412877529872,-0.04494913508591475,1.0924415360423665,-0.5123961136465516,-0.5076630586016764,0.7929600893100416,0.041514173526233863,0.25463685888084636,-0.4979266344033809,0.07318367056789069,2.1373134050716662,0
0.20491671010326162,-1.1738213970178457,-0.37630452922776586,0.5495650913897692,-1.0012806039713789,1.8662680832540746,0.09222397111917946,0.10423538125006584,0.9725204822716078,0.3395362771206672,-0.2415915730687331,-0.45140020844652834,0
1.03054044997758,0.9507466122158024,0.5566947116496209,0.8472816843189733,2.226999286209623,-0.4755582971262262,0.8416069229422285,1.0470447280413762,0.4936299438899325,-0.46080894068701844,-1.2209808313155017,-0.0356633445620671,0
0.8753016574003027,1.4501745601945908,0.6249469037591621,0.8116293036990387,0.93687679893241,0.04454494549754595,0.5818681023407458,0.3752549077969207,2.04418738913064,0.5719885755472243,1.256847703203649,0.2999823990084254,0
-0.16542652014660597,0.022880376093646904,0.8591222748035288,0.7610189410336174,0.3465304749134904,0.7210131919262146,-0.7030011583435049,0.016763557100199444,1.1673079570197191,-0.21685708218497846,1.0831505041305016,1.1838821848062182,0
0.9328817491694987,0.4129402246903836,1.0459306645146795,2.465237521150539,1.6851811124643978,0.24809181511571765,0.4955022829939597,1.0222572738973632,0.8268962703982943,0.4378253924140453,1.5144075976878009,0.7481873695047399,0
1.3816870660404765,-0.007464223864812047,2.0878325334780956,2.6034224728217685,1.071131029906474,1.3426927968181026,1.0095543189035974,1.7695975893213447,-0.44764952518027135,0.04616631586539166,-0.6347513861813565,0.3114931455838663,0
-0.342608020055024,0.21810163778517522,1.1543944328138587,0.8303897864519847,0.4082488832082608,0.2654466509465403,0.6373233045355132,1.0464482233160939,1.328678925561833,0.6370293867010026,-0.043272650597351414,1.574830415081656,0
-1.2732771601257922,1.6250400430199492,2.3642829456574757,1.6244462755276248,0.4550642994371217,0.12384813012609142,1.6211895163759107,1.7826242589291483,1.5639866638655573,1.7876324474342251,2.082707099771784,2.3356083451286995,0
2.019015098433731,0.6866642562759744,-0.35925705596150137,1.503212161378835,0.6090415102536366,3.6621441215770103,0.7030483275742344,1.215443995543565,0.573821075086374,1.2260185936528236,1.8698586265183432,-0.24473631838533727,0
0.6140216162609295,1.7030204776800817,-0.6484635623846919,1.313697836304941,0.36096487028657787,0.4743576153082276,0.11250498132993414,1.0415434065882803,0.2768340717663693,-0.6428656798530437,2.538574800192941,0.7040629744852667,0
-0.19671937158241998,1.3887157883419572,1.5331157427335615,0.7053896465777154,2.402840722366207,2.1344295784453036,0.4040720592126472,2.030936393257907,2.4040407994246262,2.474956052552301,1.1864710640744718,1.8795270650641345,0
-0.36540667349643335,2.1936804946670714,1.8144219833743587,0.6740522881867742,1.0519912328937322,0.6721116608109216,-0.366204321892552,1.7239425596512472,0.6484193245090146,1.1396995575625302,1.4197645011224664,0.41057835815118104,0
0.049985519005393345,1.2662275063547763,1.1409944972075272,0.43196397283088367,2.8372522431161755,0.2346148462033395,0.24231949682552067,2.5233638373370697,1.7704784503568725,-0.6994440477854469,2.1738995326123405,1.482063387216585,0
0.6760354505312507,2.6797206244275373,1.7136851491596452,-0.9075791276572251,0.9571244001728973,1.6415758098449336,0.062326262736311644,3.090938137696564,1.7497407012181054,-1.040562182149665,0.48692946489439914,2.8664683524238304,0
-1.8160372835410517,3.4538240402638296,2.791946773154714,-0.5160099760931817,1.2268004883130905,0.6173362805689766,-1.5721133929684652,1.6639250418142633,2.226067350601041,-0.15078561691439096,1.9421454861701304,2.3845398752010216,0
-1.029583684064538,0.2753196438646237,2.5288041911308765,-1.7458510335396065,1.3984614890796605,1.5716614372065798,0.02660341268367772,2.38784647522689,1.0603768340461173,-0.034759897993016264,4.087179241599056,2.3943974838462294,0
0.595964851367262,1.7367483419944163,1.7298659720729215,-0.3738077531565055,1.0105319788014495,1.3105729952808784,1.1175163205580596,2.7809142815840957,1.9183541766110268,0.6978305922874091,1.4976462790442882,2.699439458204845,0
-0.38357127608410924,1.7225601366715009,2.306258290314239,-0.7376731514219087,1.2782792214631202,3.254841766963933,-0.6343292209108705,2.1753346987520508,1.2574851250765229,-0.6681192559404313,0.3629726205329964,2.4206083542597696,0
-0.699323970074336,1.1189065866585477,2.912512872691824,-0.7353108428965384,2.2585664619116668,0.8417724119371328,-3.1917385679548085,2.222169766000469,2.2962285733020487,-1.9620746450608535,2.1330367043353626,1.9260049586643155,0
-1.2389579289620638,2.056146817502613,1.224266050011013,-2.303195578429212,2.7711834910629216,2.9391566837370386,-1.9899911528438643,1.8184430426644034,2.7845230855213665,-2.0625082959082555,0.8783458919050232,3.1992391071516706,0
-1.5660189368781057,2.592806158447934,1.7077152754859743,-0.9774126769382357,1.853427878899021,2.6887962621681814,-2.9969189234920584,1.8141496199659533,3.23807413993852,-1.2814999670683545,1.4879833876086712,2.003951594374826,0
-2.500796623465262,-0.3292850609627176,3.3645613172520368,-1.65525664424639,0.37571815797392927,2.3273666067697083,-2.3420565454053506,1.9170132245750762,3.878868576173018,-3.2858481095402707,2.426144112291817,2.3881801929749087,0
-2.806196915976777,-0.5660013571226366,1.078185359106693,-0.2941405910897217,0.7391619168042067,1.9525442092966814,-1.6864513331653486,0.7317071250984557,2.3976640105525355,-0.9586162418026292,1.7810137781234665,1.1445753428634393,0
-1.7889569252123443,2.5707323918083205,1.7549133819274805,-1.7890312311954137,0.5582884777469803,2.8912750254261184,-3.1609276072340107,-0.44950308149128637,2.483101630043615,-3.004642437793319,0.6393786020113779,2.3062378858757904,0
-3.193081407350955,0.6338203070413451,1.745537753177973,-3.2454282770035805,2.3799182867501756,3.040325605743691,-1.0112014629413535,0.7705211616083385,3.9829398336509465,-1.8438714637893867,1.6041060901436284,2.9083314667580846,0
-2.623300287832762,0.6721095166782985,3.764963270698292,-4.093981807290728,1.4785978513802198,3.2932823291898448,-5.471400759294837,0.4393587056753614,3.456501362556629,-1.7992659562305964,-0.9095390760141936,2.962683796746874,0
-2.8880904684363085,-0.6540465922536629,2.063898702959775,-2.8283109850773833,1.4003667518471556,2.7980300424661673,-3.2479483538186185,1.7656735228938745,4.153651607024752,-0.2752341378022587,0.48497346056220814,3.8716998403782585,0
-1.1688938293540152,0.03989858434315328,3.8542962025396474,-4.067892358379003,-0.6380560772630659,2.1110720225663613,-2.800253063049175,0.2665581214443934,4.898858938096279,-3.416345503272186,-0.3455977088466809,2.7475065950268904,0
-3.370675971373808,0.9039056688697653,2.9249473182736527,-3.887360255386457,-1.474189816588412,4.033552152553982,-4.323792762024981,0.17773920682383842,2.4836825548867143,-3.476401739084074,-2.4518076423256425,2.8851327213709603,0
-2.2242015423452166,-0.22641590380923943,4.945110986190215,-4.14517876270769,-0.15715824009153556,3.3411776620621816,-4.2548674411271055,-1.0436015598093875,4.072643520656375,-3.572471589650244,-1.762839025229749,2.8572283175385156,0
-2.6510245618661132,-0.8580209608379382,3.5611114076577506,-3.8106137088879484,-1.4456820525240874,2.89402407301077,-2.6069400674989422,-1.5677762420373074,2.906330579048304,-3.1312441449618325,-1.044643749987961,3.662842449498964,0
-3.3650246905445647,-2.9917623746755373,4.507206987605164,-1.9489222372796398,-1.1363370075961474,2.6455208499045666,-1.523947370564503,-2.149940495825506,4.954082926550713,-3.839618856130137,-0.7267270805138363,4.9386324636786965,0
-4.309468363957178,-1.1021045060889174,4.062624271199341,-4.060487664338361,-1.3993063349784205,4.478521825673228,-1.3484504942529982,-2.904717681973758,2.579306563319999,-2.0991500489149137,-1.7509334425165064,1.5689615733242288,0
-3.1252369667367064,-2.1334235787827893,3.3438943181504643,-3.459787927141068,-2.497652971446187,4.995565172090185,-3.3894950641409007,-1.4882652652541493,4.5755299283731885,-2.170223993589399,-2.4085133648324306,3.310737773568838,0
-2.1126530183766725,-3.0556222579430234,3.83969404904708,-4.209469555357527,-1.6047255923699235,4.368789320095964,-1.7057669106421827,-2.2324576766141946,3.352732223258636,-3.153260085778474,-1.7796197823812323,3.5350997604348717,0
-3.825357856072321,-2.2863598972772374,3.959866741770872,-4.258787891766378,-4.178977156039978,4.53053038739242,-2.784923197413735,-1.5350825571472138,4.451307657002161,-3.3626346229541895,-2.6177983735080628,2.0338725745958826,0
-1.7291358460248094,-3.968612532835663,3.6380030079035146,-2.732751959541988,-3.1070854283093885,5.108813467303504,-1.656246101282088,-2.7107967241458786,5.194971314321904,-2.8738437698873085,-2.3079951004397508,3.9420074851167706,0
-0.9892523780119056,-3.021429122139372,4.954126684732389,-2.0111146095607295,-2.915483932207984,3.8293371745572085,-2.387432018496167,-3.307536826183079,3.575408597078158,-2.6200457885872743,-3.0091379800254847,3.8370283089660986,0
-1.788065872922184,-2.726174266026787,6.515897242592185,-2.9097911634315743,-2.289331816819807,6.177042261630689,-2.8956882948693936,-5.604606822857406,2.934831467634715,-1.4300610947642254,-4.462194465860521,3.861371981422744,0
-0.6911226502765448,-3.947642923138058,4.4619608378238516,-2.88094086816319,-3.9651029736878636,3.4040805820690174,-0.07180554285636553,-2.368957099742105,4.124606434605106,-1.3396784075551287,-3.482618699367889,3.3646724784350437,0
-0.9914393129052984,-4.698284633312156,5.103984817239177,-2.8018675139638267,-3.1850035987452614,4.240006932650118,0.5585956356984403,-4.281441741441325,4.110361574421768,-0.37795851509436573,-3.451837533511989,4.380393161427169,0
-0.17632437094359033,-5.022723974977007,5.036299574288633,-0.559672938563293,-3.4352035416352598,3.8659747218538993,-1.0692787252135307,-6.383219003634187,3.4043610230013543,0.6480477569113993,-3.247630179666963,3.510574349866203,0
1.1081101084773968,-4.311318039977376,2.3126692033509824,0.6053336942015229,-2.552613482688684,4.718947557447286,0.6068532404967428,-4.452528182439403,2.8531727322139417,0.03267885097408674,-5.130159201930546,3.903869537080989,0
-1.1573333337199758,-5.145772179819328,5.2054707250033845,-1.0442179805055483,-4.465585252444736,6.320880945189907,0.11073836713098789,-5.486756957149782,5.858055416963465,0.7749964177023487,-5.083759991599883,4.583562133876496,0
0.04790850877252539,-2.6784659148221683,5.261771395976495,0.1536256699883446,-2.9614352608753958,4.649836899308008,2.699424331116475,-5.570245653683621,6.20685625212915,2.9472768793439696,-4.015954582506171,5.783840300163877,0
2.370289408435406,-6.0808270376498115,3.8420158023620585,2.218722576527043,-4.078163782247068,5.345169477571934,-0.09894238988108062,-4.567369538235261,4.424037730744415,1.7582850065135314,-4.049823368812522,5.33504246804231,0
3.051433743287105,-4.868455612551301,3.457426592763455,1.5676306360424066,-6.132393589248588,2.4497563340314352,1.599366707379844,-5.280395108868025,4.803734295449835,1.319118967534821,-5.210957146371318,5.619561287593265,0
1.009011514177605,-4.394922643654434,5.552860450394608,2.1857969285491596,-4.614375136131807,5.553348131642569,0.9736135583619292,-3.716216998163394,5.895423397829852,2.2146530874769086,-5.245422415792474,6.933866677644917,0
4.193591023205424,-4.333993041315647,6.750526031139653,3.1297926740172137,-5.297055028743796,6.168392403445522,1.3595003026538204,-4.576075371755931,6.0109159086686414,1.2882740276664262,-4.8618835708058965,5.666207148035432,0
0.972763101947657,-4.752021538452372,5.038711644397822,2.888837303070032,-2.8701124582396313,5.481757305482155,3.183385359556686,-3.8874319506401016,6.972319242290058,3.778606628745734,-4.176011777108208,4.428968178343742,0
4.333368767563209,-2.8573572462116994,5.173953021829353,3.0704051557089946,-3.814673798157838,4.512782130682697,3.36495149291711,-3.456463699449943,6.031908500436849,3.275779424842455,-4.765423766025471,4.965977083012456,0
4.426075886662114,-3.03044804606282,7.651272034649885,4.505765928319589,-4.818214959420066,4.493374914144135,3.3189811805835334,-3.4039643635465384,4.650969990090241,3.427464062809494,-3.2528573275127424,4.802405373905398,0
3.998142049253834,-2.5762160865164443,6.4815251086099686,3.4148141886629135,-2.4475301321170297,5.176050805233612,5.411416711841494,-3.0491335053648414,6.387104375856229,3.8793683878805734,-4.796147387878776,5.552981758280508,0
4.446251444863397,-3.4044686974126632,4.683637426066297,3.59964980816223,-1.613940800031067,4.688521900033987,6.219516921505694,-2.675865809618301,5.148447629465987,6.0797533655260025,-3.551855058627126,5.406222525423794,0
4.830251900903421,-2.6804158379199934,5.236114610652383,4.778628206876236,-2.680808444770999,7.296214689421803,5.863048962616059,-0.9737991871499732,5.818771611569368,5.168507244231786,-2.152335148925668,5.029445669770716,0
5.521214299627112,-1.350515506138757,7.9405105110668615,6.345802602004321,-2.192276151539844,6.399910678742416,4.0158656930269085,-1.030434977197385,6.980440645182536,6.392842652569897,-2.617367127879997,6.8107832455493575,0
7.743465515990683,-2.214450902041588,5.4837732009524345,7.002252791526092,-1.0424948589040488,7.380715682740524,6.26158052647347,-1.8457329297093361,5.2656428290533235,6.303199974252276,-1.6005296287953448,6.97649661990875,0
6.890919842005176,-0.02639734311562536,5.701933027066423,5.722710552117407,-2.25501831012807,5.9216525751576325,6.446880533153528,-1.6257592745637544,6.115958799566285,6.33044198516944,-0.7399766518700297,6.343321228862487,0
7.5741490242418985,-0.09085544562979035,6.886758324040873,7.030447271297541,0.6387476134874314,5.595123941121312,5.52516393559071,-0.7146114866052281,5.17998735928849,5.938270450266001,1.9089349968573257,5.38143191318853,0
6.061900622924359,1.6040479360152333,6.1473588966113795,7.5953032988069715,2.16809237999333,5.751891293235938,6.6630403107055995,1.0309449879551118,5.494718470223129,6.797937011788103,-0.5295808715704078,6.493932526408983,0
6.560335622433544,0.9207381637466625,6.884951793611657,6.387080183593196,0.7199715824800784,6.069885362178878,5.896832961151162,0.31164734888378154,5.993691665929841,5.969791363511467,1.5177095335567494,5.935243558936197,0
5.320680861966503,3.6047275291258916,6.8462993073849265,6.8578979330287755,3.630721129132062,6.1422980616720935,5.546812628128305,1.3844507741670289,8.054404710453644,6.425928740156996,1.049616974827889,7.744416270430844,0
5.895896953135703,3.007122431186899,6.557924907673398,7.826402692092508,3.5330118926481493,7.788164682686583,5.082050559913959,1.4289523412369542,6.718585508521892,7.142114501945079,1.6815660051358294,5.612444135488577,0
5.439471048385508,3.7635375772579973,7.878306637829672,5.302410471989398,3.225828210638956,7.612175440638622,6.687628256216342,4.133572958274572,9.169568568536729,7.122033105240515,2.507613998847798,7.381740773540825,0
6.095849463421269,3.3134296244901336,5.7434845182194,5.438609648587919,4.5080959988423,7.135025331475981,6.820160947785791,4.533292536873349,7.7506450344637745,5.263641155703127,3.795866643885478,7.4640779447305485,0
4.669505795757162,4.78277864781371,7.098324542710352,6.746134052731641,5.99269209903057,5.498813733896187,5.178484533158234,5.345568860205522,7.876446929216372,5.640640968408008,5.845193723643298,7.799379189262223,0
4.134297006629934,4.647311429588292,6.571706478811977,4.041270309777003,5.2692575792690155,7.359468872373054,5.77372221252111,4.7143067362353825,6.109393548081509,5.4133213967086755,6.198973703815252,7.2705844413920335,0
4.760977882717315,4.303522469809243,8.673036982484192,4.5442300005504235,6.043151704521916,6.915543699112225,5.778089970475355,4.106942985288625,7.057117271588813,4.617950443701113,5.27747589544229,6.898167996168621,0
3.8114747400629057,6.0161309639172655,7.139593434365827,3.2941842705155837,5.710290269170463,8.562213885756515,3.9778161506508676,5.44085081846003,6.2679009059864335,4.546846962186611,5.952389974979504,9.450404534543448,0
2.6275306143471857,7.688443286452127,9.128283710672815,4.485346056494923,6.534018912567433,8.2038327418663,3.1883424118217425,5.429377719761144,7.119104507218511,3.9551991779249964,7.1741089104386635,6.6085899366083805,0
1.8425615944390983,6.974762875885529,7.119710121598893,1.538222696684723,7.663191228521864,7.6272322103890104,3.027207879371499,5.8104676690325,7.087972695129689,4.258420043138667,7.084362578371081,8.14558275421016,0
1.2743337035291264,7.093263145654081,7.698856643134967,1.8446870119112226,7.195677471512297,5.712702458968161,1.1511408377292667,8.381240694084351,7.562911889654856,3.8457615256973083,6.78501003433333,7.617216266556718,0
1.899445135344101,7.336476900233439,8.681263408740433,0.2240263971412202,7.16005849021299,7.579483094040673,1.6584886651271835,7.390964707114287,8.444945036640142,1.0179464154636708,8.20842716208422,8.010573536398566,0
0.7710065335627256,9.810719944384276,6.943301118171015,-0.9246707385073192,8.829183166852214,7.215336566575688,0.5312171681602321,8.053706154548099,7.5675777140018345,1.8895005051734624,9.252168367890231,8.10709727878861,0
-1.0800234908930424,8.44208687700116,9.262841581429285,-2.10865692749985,8.328760020163873,8.269459350806272,-1.5763906412730062,8.88736394398455,8.663832927153077,-0.005178814984057256,8.847091182477348,6.930411774966399,0
-1.8561816444979256,6.482666305819367,8.029499486690476,-1.360531699335956,7.48156986711203,6.978084244555151,-2.3778221816591683,6.99609202917029,6.686676151322505,-1.3720698603662036,9.134593997230908,6.79794862842895,0
-3.0647242400853987,7.359695304783124,8.47774062524153,-1.5968383513960787,9.426049038200363,8.343444111472593,-2.9188963891546256,8.401346589020216,8.51077348507944,-1.485743479726834,7.723086694775504,6.957860318219861,0
-3.2048492810839817,7.336969383945704,8.700096044917974,-2.8344283929481744,9.599959873761955,6.2123311678785305,-2.3895347333785444,6.390418790746665,7.816532302215913,-3.0606196576906313,6.723333505361872,7.807254955431451,0
-3.5490250615525047,6.811686670248979,8.241569868073508,-3.448536410596082,8.373913224777159,7.062964795348523,-3.9632953458321865,7.688014680143557,8.538155490505503,-3.698095275696487,5.660526301128453,8.533416084839688,0
-5.240354440947137,7.1961741742734615,7.682542671865218,-4.840269923684683,6.06306221103743,7.61949150757743,-4.471836775311718,8.099122011678613,9.187995851048537,-5.436191847255811,5.273479311262649,7.792738186169552,0
-3.2420940304756796,6.215133954850007,8.5975110668856,-4.324735458533594,7.097970421138661,8.021138149032067,-3.9809890029691255,5.706251678834798,7.2153333037637974,-5.138294073639466,6.548624691027709,7.219955489765177,0
-5.37338742072991,5.781919010069916,6.803871483608291,-5.279772617873918,6.773155625690485,8.964068645637926,-5.536257685913587,6.989095850258567,9.936225618070072,-5.095381697549535,6.699540832045167,9.440741385310417,0
-6.641827962845669,5.815129514375361,7.535773941463947,-6.499896242382434,4.250495997577477,7.225839442074711,-7.191130062452115,5.879328998122329,8.541102266825137,-5.964366349975458,6.435736536017407,7.330611051338915,0
-7.159882462004737,3.6500663670674363,8.690635332047542,-7.051555766312116,6.109579249623945,8.239669521750946,-8.124834671025464,4.627817480706376,10.492462666069082,-6.9091230943531095,5.25550122892165,9.248512433331989,0
-9.049747981906034,2.3919925805450033,10.310686362488893,-8.216683301084132,4.5162005452145335,8.363904042037234,-7.522888684041127,3.2475295230449017,8.981980483291997,-6.234411410358889,3.6785064175863855,8.241809404802547,0
-9.367583330441013,4.675397311244527,10.384779528491668,-6.5375739567027065,4.567174628396142,9.638610134084745,-9.162420522375745,3.77448269749883,10.208210305191074,-6.36775888928363,4.14590728202876,10.115227066358239,0
-7.511865453690596,3.4839228924615417,10.002272475974706,-7.975079844871253,2.455435517334966,8.948200433841041,-7.574743299495509,3.1748732011583987,9.174531332913528,-8.254025065669236,1.6520791169658355,8.647708477484635,0
-7.5617287998765494,2.188397047238596,7.836942295229001,-9.125845958593784,2.2921926051806643,8.351455733792033,-8.812121663953997,1.5707042224650318,9.462600301254339,-7.5953737403059245,0.8630221459929521,7.6375841744480235,0
-11.269453012766604,1.217437920995951,9.594122800513512,-9.430963877167855,1.421955288158981,8.352489368854558,-9.159344882973324,0.06033553483280585,9.428037172211722,-8.961339550926839,1.4948803475515213,9.287824135877324,0
-9.001432214885536,-0.1703273112503935,8.650233210929317,-9.775511902597465,0.16972898720394414,8.92727753360503,-10.284244298676125,0.6862174696393946,9.22720357891388,-9.345585939803316,-1.109861800422051,8.668446237889075,0
-8.233769567529112,1.7506280572435333,9.465630572075336,-9.746047845081799,-0.5214965725737497,8.042544487899878,-8.919810461448005,0.102350851398472,9.294507576991043,-8.612481061631865,-1.652486261495217,10.255879569105156,0
-9.73795454824447,-1.7643347014062285,10.486514317291869,-9.208627441971629,-2.061390854271549,11.090748997144372,-8.414785980004174,-1.0797098225824915,9.83046863121741,-9.493837073820737,-2.817911410314334,9.924225061178682,0
-7.915223736150739,-0.5651580626141692,10.320897084752149,-10.818636783026367,-3.9771794496903174,9.724880468432028,-9.405276824061813,-1.4822852068994685,10.222312235787284,-11.406312816168022,-2.760222603632903,9.162628173499547,0
-8.342875499159307,-2.0200485514085447,10.985006923830364,-9.257684898945971,-5.714093655396895,9.00795147921961,-8.198084647642098,-4.462972955603774,10.04035560342813,-9.266355272732898,-3.3471901795006307,8.927718981163844,0
-8.277742394190046,-4.404284380575817,8.663186535874535,-8.801547230469751,-5.3753841144988765,8.982468111810206,-9.047913746837315,-6.093449467054327,10.39874596981117,-10.038629590165577,-4.2672096350739315,8.943674106736644,0
-8.454770786534862,-5.920425818264851,9.112284925083612,-8.242058784929485,-5.01970360573416,8.946241988974197,-8.29063055896284,-5.361889110351089,8.666512543954592,-8.583685561161058,-6.253718061993439,9.505510868682427,0
-7.606484760241713,-6.586709075897064,11.489961128896725,-7.532232676874872,-7.536078157103144,10.468230189022432,-5.811953884471434,-6.963782237653835,10.947757650932015,-8.180057163859926,-6.752179093210715,11.361527267809604,0
-7.454601454240663,-7.779369341668563,11.60511831570135,-7.023235862915236,-6.463900259768295,8.747472162931093,-7.386261024076418,-6.529741917270276,9.567190607637441,-7.537221930013231,-6.7570623746169165,10.106135220729763,0
-6.060438266528329,-7.759231013998786,10.322288375229938,-5.962660093484753,-6.922065500682504,10.176661666717502,-5.841533227767626,-9.107413141066461,8.854178179351816,-7.2736774777318205,-8.651470445991668,11.18918004273104,0
-5.2939059187032385,-8.251898866256159,10.41716410327005,-5.642900259031579,-8.43286764869264,10.954457254264288,-5.871615188835936,-9.725771888752757,12.100966821062668,-6.600401644263389,-9.679936695235966,9.1054069463759,0
-5.032409176171989,-10.564213954058822,11.595066043417377,-3.7523472372628555,-9.611804208522114,10.01217420610378,-4.389154414384392,-9.401186047916813,11.80871537653676,-5.223842097231033,-10.039860016471742,8.810654906195222,0
-5.447963871001969,-7.625486669333798,11.119796615369877,-3.103584903619157,-9.056268928084187,9.730194382292112,-3.0691178455141856,-9.8210121900843,10.631443365442507,-4.029529317707413,-10.52558370670409,9.789995918074238,0
-2.868053942158289,-11.102181700416658,11.287922511207933,-0.671220447407241,-9.357981096527197,11.496148576589873,-3.5033108119749112,-9.79197071399914,11.7048869832833,-2.960858954942326,-10.371669782991757,11.33359786975313,0
-2.5581023853604687,-13.13620538044394,10.011227985283215,-1.01045041735409,-10.921113639347917,9.824821110247715,-2.276684410971984,-10.807044052262635,10.545457726717732,-1.4089917036368589,-10.742703938912582,10.583576785121526,0
-1.5631353034449198,-11.004473732608876,11.979328366679841,-1.224998941418045,-10.854524330988301,10.694983860693382,-0.04345012623416211,-12.656289611965997,10.522438673861904,0.08138309053408199,-11.081529740412508,11.745614377185934,0
-0.06151519336576006,-12.06566400106198,10.866550447643533,0.4183771692221704,-11.764213896066867,11.149943382414142,0.7049484304696622,-7.925394732812586,10.511353858080534,-0.3493344371528131,-11.75215475344377,12.183674282428996,0
2.432248439127716,-11.0671217620248,9.894467006911464,1.2314776101934075,-10.761455906462011,10.603870122190006,2.743281694468337,-10.98886517289972,10.571820084710405,0.900861007669957,-11.8580706008854,10.286083475408446,0
1.8195543106964502,-10.825997702611016,10.545718155607561,2.826741236269904,-12.750091929809852,10.170382219726456,3.062499689263338,-8.290155000173602,11.015757392892795,4.317828048181571,-10.305555238806846,11.99982535957662,0
3.1433374783735015,-10.242986777441123,10.812897927826679,4.930085322128458,-10.907022722529616,10.847611510927964,5.616160907069087,-10.757090839910957,10.707715273113742,4.623615814984814,-10.334905354482027,12.599503887543548,0
5.6793193389855245,-9.376039725664434,12.781825558131148,4.75175707616246,-11.049212650147066,11.757905077262688,5.670359500749153,-11.228870004992434,8.887937755540412,4.3451722265779065,-10.672643877222262,12.381778768911433,0
5.422014661754899,-10.71107501273323,10.925984880461495,5.599433976951509,-9.88362253503495,10.897257706101815,7.801882584949884,-10.089944558573782,11.387869220757503,4.983016626318205,-9.85554302698967,10.11840569194759,0
6.119183888514655,-9.542936313416716,12.000515803225218,7.598322500733412,-9.931618425914435,12.063761379876864,8.654233093545063,-8.225476832830354,10.78201294059126,6.685025132885254,-8.125011485667542,9.984855855772313,0
8.827197810405043,-7.909708862765043,9.85640843357885,7.365509879502602,-10.242171132216923,11.525931782253362,7.521442547314516,-7.963067449908657,12.023180144966044,7.8713980039178875,-8.58513121035278,11.351873421726323,0
8.880059949026062,-8.314981597162571,12.70010253934995,8.209685421507988,-8.311811130429327,11.312425972490944,10.328933796864781,-7.446459659985564,11.641136991871022,9.61025551864944,-7.728936866656866,11.487280694403468,0
9.873758156663687,-8.521064729091709,11.245893316334632,10.158729317410568,-7.259513850524593,11.305442661934904,10.661194971040889,-6.886597259496101,12.529652088474153,7.74317572305898,-5.45675144460839,12.716898519191066,0
10.34284375620785,-5.295123446830114,12.41140158303898,8.931928613301995,-4.8938709519584815,12.268521294252034,11.327603495826674,-5.7361699610075405,12.071409965265588,9.676161696150784,-4.8892677357794145,11.188784353886694,0
11.556427207432924,-5.304491048983392,12.512392431658235,10.740999732210746,-5.372729020373378,13.175255832151809,12.241958560168891,-4.9298298938694405,11.021220752080291,12.795409525872849,-5.372508646900958,12.53517196807885,0
12.316910900412104,-4.239525257008504,12.83203465553516,12.470238374900694,-4.433666258067604,12.37200587537808,11.421723279146725,-2.5937446965549316,11.122823678338413,11.714592009687474,-2.7075402700256777,11.287463443545674,0
11.999913896706603,-2.3807325863007023,12.662762877869946,10.460361037956416,-3.56149503391181,11.495406353838453,12.406217517901984,-1.6644328990864912,11.246791684253617,12.16670963181145,-2.6417339020930135,12.674243675421536,0
11.052743112110933,-1.2573416036176732,14.188105362358748,10.81630321338272,-0.2327716157677131,13.448883483475745,12.022582575746325,-2.1092099747604696,11.68760130040231,11.8930882407163,-2.206606717079028,12.053643284305744,0
12.834103855939476,0.8974976528247822,12.754233788629355,11.275782507680546,-0.2007148453619158,11.769659459236738,14.64523111449008,-1.3296722940237025,11.933933595525746,13.276180832186615,1.1737506757571412,12.889023955948243,0
-0.3274435987068322,0.711511178777826,-0.8464932978846862,-1.228643428220213,1.4133271136123775,1.1931769921508402,1.131747622837098,-0.4563369997424153,-0.0030510327098594503,0.960273894264272,0.47308573141960697,0.5405537958589149,1
-2.0874937656885164,-0.21275901372072445,0.2910844485114499,0.5087702695490781,1.7648241525559711,0.4631959478077507,-1.7991021943380532,-0.17283371372686915,0.20997565012317593,1.2609652239375477,0.686158278530648,-0.1647849296724609,1
0.2595387760834669,-0.6732599030744452,1.1602996197631186,-0.03882668059117192,-0.7694012285661231,0.25441347779737167,0.7981005236455534,0.10897005599172083,0.6409423012287873,-1.028530770980733,0.8018099576873264,1.0146960973585024,1
0.7629517100524499,1.1861264379658845,-0.48641564198184856,0.07352027906951958,-0.7842847366615426,1.363861316192431,-0.14810477754089588,-0.9935555159350096,-0.060515339705097815,2.322648090308559,-0.1653770387900232,1.1419659050199282,1
-1.1247693542432362,0.003462049830429109,0.1900213406327313,-1.457694393407014,-0.5545097947726344,-0.06459059384235344,0.5017538100100736,0.7686197682609113,-0.9507489487271821,1.0566077363451003,0.7540321868876236,1.7993878617071177,1
0.28553797510944134,-0.3994937261641799,0.3235043041652566,-0.03161825906052346,0.7918368919981803,-2.3751439214479992,-0.504194518508662,-2.4729609757291,-0.12368937745033848,-1.6728744252725365,-0.7927943243618502,1.6443347935276167,1
-1.0510884698006149,-1.9841362567317409,1.302443791784249,-0.23317001740052928,0.0899805320244278,1.0110155752094185,-0.15775297196914678,-1.393395912413716,1.6570582607227404,-1.3977002537225818,-0.010624564985462104,0.5122463091119055,1
-1.7531719897119573,-0.2896645992477286,0.3211003012421746,-1.873462437878262,0.21381462493090791,1.1018656812301748,-0.8120752497448247,-1.9723666894406746,0.6811368086251273,1.9969598795933712,-0.41863469124861546,1.3359360186206615,1
-1.108746646458337,-0.592098980338278,1.4885455331382378,-0.44044626863701425,0.5961794044111086,0.2507317075250197,0.3344842547235686,0.4021705810106593,0.43201947415245207,0.37457777450296303,-1.6452501684143401,1.1863623049700758,1
-0.7237185604154333,-1.9415403541809733,1.5559525591415673,-0.7769549149554476,-1.5362503461108248,0.6700125750919246,-1.1625129290260032,-0.5271985871490088,-0.41551298272138004,-1.0957488927560313,-2.3680821054139582,1.2910604041420994,1
-1.7244387416361802,-1.5630457219836353,0.4176496323483968,-0.8545225628640183,-0.40756452438557644,2.1455731173026154,0.38752161774061533,-1.3396674494300922,2.1267848483146823,-0.46478678365044623,-1.1291144331689678,-0.17797455445154342,1
0.7237358634570097,-0.9168161330846952,0.8510231704448943,-0.532002391205006,-0.9546506462535314,1.523300839768186,-0.33013236624033093,-0.9141545939227989,0.9282083279617271,0.18775927343563154,-1.2666254610061956,1.7926561923118274,1
-1.8001062925804312,-0.7197445690694596,1.288532891689381,0.5565478319830706,-0.7533147943214443,2.543298515811176,0.2586862564341725,-0.902578589715376,2.194847666050807,0.37748271900460645,-1.3830718430056368,1.763965719474509,1
-0.8175030308121094,-2.191944171524003,0.9241421165579402,0.08210894455145784,-0.24115659536700718,1.5591449393290069,-1.2385527361627366,-2.391039825015995,1.9316054197399144,0.9012178478073849,-0.3303992928762929,2.9556976810041213,1
-1.0448725771269745,-2.310374997413791,0.6134180676833143,-1.1538977102002452,-1.5389581748095573,1.280483878761875,0.16565875536478666,-1.2710653401280214,2.1345138262598975,0.0031753871881372853,-0.16384932018986498,2.467808378461938,1
1.141427398362568,-1.4140855728915602,2.85429464448363,0.3704038150789616,-2.1452477573793214,2.1571420373775663,0.4028928408760744,-0.268263412933345,3.0136314404008804,0.1754086889144143,-0.9266814866275129,1.6547414008562893,1
-1.274509917572167,-2.37648212951537,0.01708586333474793,0.042247705700252956,-2.5653773496376235,1.952778780033416,1.7510106831328813,-0.21092856904421242,1.730282237391598,-0.24530948083818332,-1.0908658076723017,1.5298908978172645,1
1.0035409407981057,-1.8835595330950734,1.932338702032186,-0.29374023685984096,-0.12417565719941259,2.1176942837572694,0.8888502478956065,-0.9349641708151883,1.6026721860858664,-0.5751818338777243,-1.7748698332629824,0.8191405134009174,1
0.6346642216767643,-0.16813187727575785,3.052230416439711,-0.6584912400515348,-1.8037398997019125,1.6168879909637772,-0.07209464758225353,-1.5334516254637833,3.2316484157584746,-0.42035238386352364,-1.6069933241424288,3.460092918875508,1
-0.45422649827973693,-1.8440283402849482,1.2003573287099156,1.3950283502485095,-3.036699116828654,1.4107138297214528,0.10217353851412214,-0.9735406786136444,2.6760681116088487,0.5393390842186582,-1.4190174778918485,0.9666177695113941,1
0.5761912840740244,-0.8992257854024902,2.050549826735274,0.379164658131814,-0.5750085616875202,1.5459189656288057,1.5776060444439677,-1.1845607515286167,1.3925028482456763,1.2023816266231855,-1.6936463055792292,0.34474090462084495,1
0.9614168420774251,-2.9270161008816675,2.9406828321844953,1.9429936230449711,-3.3450026117223244,2.596117401019267,0.6397545972228469,-2.817623395092826,3.067200548174895,-0.18402476560018077,-1.2727699883657078,2.9380675183752825,1
1.8911576698379262,-2.454111974079317,-0.5087034312104524,0.395823216310479,-3.157973025092807,2.8140546912062168,0.8971776428971081,-2.5853401963201605,3.593008485809391,3.2063909625882303,-1.7218300533008088,2.307780130700592,1
1.0254180077549986,-2.3995437698870186,2.285506482700142,3.4011797837158992,-1.9737800885110244,-0.034912770072870636,0.8326515836107933,-1.1182000025552166,0.2608698763198869,0.979806808918426,-2.1350919236736225,2.5688298968774514,1
2.413750578382296,-2.5778115952404836,1.0171408506530686,4.215808929993415,-2.076424688629773,1.7726896591565267,1.9652463830635278,-2.1859255061298386,1.3121537244513346,1.073923455383774,-1.348941082384769,2.600113017264925,1
2.123336183024865,-3.038904643586095,3.4005493842183414,2.5674984381938657,-1.1665930783162664,1.1020381397403962,2.2767691227733615,-2.3700408012475878,1.8044614177300218,2.054000628148392,-1.6597353846338243,1.5813014115502086,1
2.7098931994372237,-1.1049541678812524,1.9216965313564964,3.47058754111319,-3.012443246777784,2.1864104164801583,2.010261733968242,-0.11828195758620108,3.285640247060471,0.17085184817429067,0.028366529004536067,2.9668513323561188,1
1.721376466095138,-0.7308481854379936,4.342231219054958,2.1064168916621515,-0.7855805138785048,2.1932621820979183,4.039977207442182,-1.0225916998367561,3.4462290792491945,2.8400234379601432,-1.4636973510986486,2.4457198403425027,1
2.490421662471316,-1.7005729433785333,1.9781280750158046,2.21036709316406,0.3011044369439554,2.970879509057239,3.2214150289742394,-0.9079091882766934,3.3051522591033358,1.8162165902141316,1.7242752841099058,2.421073468696632,1
2.977957213775114,-1.2622436988485348,3.3435948244841267,3.9534063185580877,-1.4753201057105456,3.1062403111837025,4.46118261027417,-1.6742438090382556,3.727664811750217,1.1489367740141616,0.8841113406298939,4.219639895784922,1
3.0981345254095274,-0.2374047738614814,2.2515039560494152,3.160915082949785,-0.6481060782831699,4.957591642020262,3.14243067708071,-0.7113986100612417,2.042873732752726,3.1537584781644776,-1.3269212844164684,3.752233183512898,1
3.1059924447794893,0.018727201059057723,2.9280248623381744,1.9067663964198853,-0.7213971338639985,3.477177709035038,2.482051291035086,-0.3090851155394551,2.056151257865113,3.269546576817508,1.1264947417209845,1.0707616893821368,1
5.109365225140715,1.2578629790779678,3.2390979683836476,3.2958545525562553,0.6164267110733286,3.8176085614360282,2.331173914904066,-0.4865250864899979,4.370761666816799,4.977027806827942,0.21514772321560982,3.437611259026657,1
3.792683570930544,1.6935349483843463,3.3674927610545216,2.1761332518249517,-0.2947196852280035,2.0645645790674374,3.1650921327785575,-0.42072106495994543,3.437683256457198,3.437482686225089,1.1821886947433526,4.303726175986501,1
3.942305058220435,0.4300092438407832,4.9349837924802,3.1209583851387026,-0.04922570663655357,3.1443037441593766,3.9655344327859674,2.6046085889682615,4.5334234973501655,3.442567966665569,2.450506125058314,2.3242613851625715,1
3.4817128472689656,1.3378808014149222,4.831564187004043,4.203449134349454,1.2627686073349889,2.5719751721802546,2.9920822270301057,2.6672259093533706,2.9182318861735537,3.2966801416061036,0.7012526641627512,2.769658371808819,1
3.6698153028416636,0.8697863212167556,2.973859046533441,4.503352396200491,2.0738563044870335,4.187002257812251,3.9610880966682425,1.67605157791723,2.6977907255860774,0.8693044353421757,1.353473762669518,4.5485398583899705,1
3.2563144333633613,3.4940679855361507,3.788207240151987,3.326217518526785,2.277491527978792,3.7965673562509137,4.34055797054577,0.9472062557229621,2.605864207995322,3.146711547818259,2.820133912727533,3.3410548597446823,1
4.557963036557469,2.7481025956164538,2.8036432605597907,4.126194774390752,2.112788818214126,3.543587327778933,2.1959507433033147,0.9555773330257051,4.571893162187527,2.878356025336366,2.1783327737952165,2.0705858617088246,1
2.6689503329955215,3.759005282517388,2.7001198957584425,2.309074945727959,3.4661140282481977,4.813125782369076,1.7334740340641228,2.4582056884147687,4.971127258253372,2.592757945632245,0.8622546178741151,5.032093944726415,1
3.229482675796083,2.8786031255934006,3.453448651289457,4.011897926177658,3.4128709510332946,3.8113063206564526,3.334625850042155,1.1773831887071564,4.5412614615676254,1.7308316819178817,4.072870811907665,3.8967925154136775,1
4.074633145588892,4.444807758860457,5.6700079420817335,1.5471974963433281,2.4738492986809577,5.3555783826748895,2.4399303600287174,3.118611431989199,3.7199738141802916,2.7063941502725317,3.8585907807600424,4.491341727321586,1
2.4622171266154695,4.491291090251753,2.7375175593450156,1.1461928337171539,1.4130979256197738,5.444934440188302,2.167389946579338,2.0020992689328923,4.829775811048529,0.9955039387682388,3.8003705052497927,4.2119973835726885,1
1.2573995814094645,5.2374482430187745,4.876367107411689,1.0986455094366816,4.555899303251587,3.7856060836410936,2.1410763324862296,4.00159853626749,4.906424194100076,2.148307053956186,4.19906095859937,5.3665723785524175,1
0.45704806977000434,3.1072581057707485,4.873336137291235,0.4449699453166226,4.0857708473793055,5.461175662272171,-0.255676952965046,4.493461088537151,2.6363227771362396,1.4670267268316697,6.331171026470079,3.4699550123055065,1
0.24456516674518347,4.575107196554741,3.891487008308284,1.1562456724548775,3.5088341484580816,4.661795320821899,1.0876916157437766,4.339626385393202,4.245010291686345,1.9526995686683324,5.41918480083123,5.158081210306949,1
0.5886509456301826,5.643521483324555,5.242205310494218,1.3631456834418534,6.118561478242637,4.307073415317472,0.39853621976266673,6.610320169521856,4.913218383771451,-0.1815062430895766,3.880866622825976,5.848548868379524,1
1.3645838122180511,3.914843922243093,5.339446075142938,-0.22728749925303615,6.210329992423544,5.118393851361503,0.17446155759667836,4.571279904636458,5.760307926012737,0.962226400993757,4.867708211486926,3.548627021440005,1
-0.19334332083510686,5.277998576871816,4.830677470644486,-0.4564355492491005,5.954510636070724,3.4360541557192184,-1.5959083423584068,6.36555832158454,4.7877827957438575,-0.5455252844710478,5.87567650482198,4.198813259359875,1
-1.5925728783122846,5.3214217750074315,4.830392356165127,-2.488867905956293,5.010790802022858,4.481623694410163,-1.1720834503934559,5.073850062250176,5.099881006205622,-1.3123657533382256,5.855621788667237,6.445915244014592,1
-2.0342578795970603,5.382612466436807,4.846121081120651,-1.6731886780062895,1.9037471050746855,5.443093957128536,-2.1950979624382745,6.56314455199802,5.006454622681022,-2.527643122246422,3.399464508168581,6.040131538501157,1
-2.4106458950913865,4.940600853026747,4.408890203641681,-0.6824798580700553,5.6979769696670655,4.903534543468496,-1.3368005585550824,3.0601889062939236,5.4071823637170375,-1.9201134102516266,4.189084446307988,4.431041961400234,1
-3.994084554162831,5.0280015955737545,5.418620376316146,-1.5160946881719772,3.6436600193538875,6.2400906592863965,-2.8656067060180184,3.4979207600323887,4.0378571931937906,-3.215997441282341,3.4516067351831943,4.176717721538148,1
-3.6996400033683168,4.636815809023601,4.916508753601287,-4.272986945314375,3.744100676245351,5.012849239237639,-3.8277329290234934,3.989067825618987,4.82620367121576,-3.312777246494538,4.823041839697854,5.6255244449036645,1
-4.221736802428118,5.0328149858072715,5.617823853287604,-4.164668163674237,4.775690833287259,5.581777946921447,-4.662093851198361,5.409227893911105,3.4641504355310526,-3.070662796944287,3.149995775085203,5.769103335648376,1
-1.728860019192374,2.984686071369154,5.0247410517930895,-1.1632803538698129,5.459248220569885,5.465519250666203,-3.4435970464998515,3.415465034032105,5.176034443878584,-4.256819675589595,5.029821454701836,5.52056492996515,1
-3.823756480461078,3.5483959828305,5.083584928602994,-4.281653039286609,4.628996166902592,4.299987384346009,-3.774866362788173,2.629859330715277,6.1212402943563315,-4.372434208860983,4.407802727624702,7.775146340479553,1
-6.016421010226358,3.9002490782548325,5.286212002453385,-3.6868666966236816,2.9587291604573456,6.129618830433559,-3.3195784429268738,3.349364142682947,5.063655810400045,-3.688364536157212,2.5812070019658164,6.358552757159278,1
-6.8137524646081715,1.6126015700198737,7.019931749349398,-3.967070914987876,2.98301059623235,6.163263266578802,-5.691323228622298,3.1332724304741806,5.651444378363697,-4.894926028708934,1.1796220919884302,5.121418852855648,1
-6.880362781675496,1.167940269278255,4.739510218801194,-6.709114490777396,0.7947877772832924,4.239715514291201,-6.6166052650805005,1.0995258476713041,6.330793526319425,-6.316184306690536,1.0798518540186959,6.931045387984723,1
-4.6837686546713595,1.695926415510211,7.675827128513205,-5.304542920818549,-0.23633749393665004,3.8577122208170653,-6.069385196349019,0.6042202978107288,8.530780763462873,-6.3209678661275985,1.6299609376147821,6.132861659700887,1
-7.364262434964124,1.86929044483794,6.873116995216521,-5.981567756960873,1.5973824712498008,5.773697884919264,-6.7781029235342505,2.15084763193895,6.108384659408956,-6.0234865436178335,1.3923749389122566,5.572799388955911,1
-4.834423120438711,-0.12083140350598874,4.876458206488079,-4.71568351040337,0.29033019528299386,7.390721770211732,-6.849384774745219,1.1239369982213796,6.930472605493975,-4.373780562833524,-0.03460855606971345,7.094119990547135,1
-6.136009972473862,-0.5599301402876977,5.864058911429364,-4.585831473354478,-1.949396662913872,8.83103175266092,-5.924790171755035,0.7188584679359635,6.216368743962183,-7.552993812195658,-2.957136419297618,7.712559254498418,1
-6.574483719251695,-0.9781299356799981,5.0255284880093045,-7.101697926294467,-1.3487940337432793,4.847089067306041,-5.370259754116567,-0.4589942877323493,6.80623952626133,-6.181965201029552,-0.6935551135997888,6.680133101518828,1
-7.315280207511124,-2.4100635262397616,7.169379890827867,-3.187748399116516,-1.4167145519701236,8.050251103634245,-5.913244904799454,-2.7402049728931717,6.561672720746955,-5.0571218045427315,-3.790340982837927,5.7076714844649725,1
-5.009040871663093,-0.6633064513923881,7.837532724057185,-5.994369435497974,-1.821563292682129,7.733931379892053,-6.044595509574792,-2.6673397301332304,6.308744419955983,-5.593336119661528,-4.544874132758726,6.790356379617134,1
-5.445125145838837,-4.127314317685503,6.996167108248585,-5.367654142891741,-2.729795208297805,6.264881598891476,-5.198249811038382,-4.250460385325779,6.607627447412502,-6.055650065056712,-2.3966942618606986,5.92933507127927,1
-4.845981161137438,-3.8557030693888747,7.98838336217325,-8.043095891342782,-4.26360673625722,8.586102712468394,-5.860801959003463,-3.058500483998183,8.013635929908665,-7.203740944233612,-5.004119773352688,7.095088949933226,1
-5.550942624336907,-4.459266732240581,7.157882974735602,-4.398196455407538,-5.318271206205958,7.412463198453623,-4.0007449580600625,-5.043909513946106,7.2528087655181865,-3.945375964920734,-4.329224187277193,7.67160931140342,1
-4.28749380079517,-7.111154341072823,7.967800021354846,-6.826207936537404,-5.03621276764119,6.889196485051462,-2.188286651581901,-6.682150230442433,6.01663816794183,-5.313362489932241,-5.058871566430968,5.314959189591076,1
-3.0708051246929906,-6.447923661077828,7.458039109668398,-4.533796269947159,-4.967910707324888,5.59285748111851,-4.970922251440869,-5.5875306342351605,6.813446292092944,-5.261948543824036,-6.4146253740129495,7.839227854038498,1
-3.3238967880449968,-7.409187856674406,7.309241402438579,-4.357239305449242,-5.377496202143514,7.388478112376643,-2.771324461264996,-5.179526838170142,6.493889603642298,-3.633811057381943,-6.0067056800225425,6.960217130012335,1
-4.208146141679829,-5.99365960029565,8.0942424464666,-2.838499688646369,-5.219615206663564,7.435210887453897,-2.1682888872109434,-7.881280533118771,8.232626823085383,-1.9735836366032617,-7.137209425371907,6.89189347713471,1
-2.1366075169532284,-8.556353156186146,7.358596762911675,-2.4431479594178622,-7.000967270064757,9.514209249789346,-2.1301062253330754,-7.145001997244921,6.815828053291142,-2.240150057152494,-6.989663599611177,6.304685356187246,1
-1.2258009160899548,-6.510302145657439,8.911875037638195,-1.3768706274684528,-8.357247142109484,6.749352553659103,-0.7473545127206447,-7.857070338695082,8.3762730103998,-2.2332660981568346,-7.7055721167065245,6.634475629607153,1
0.3428815268393537,-8.674944160281056,7.418056572907617,-0.04495281392423389,-6.6353040245951105,6.9044848725048285,-0.8469645287628942,-6.721165300881416,8.580892263727403,-0.943091275614953,-8.064462814369811,9.290153027929613,1
0.13125618710730058,-6.927927841921203,8.313755864896958,-1.298801044533267,-7.718619438978865,7.3437098810937655,0.18872941133827648,-9.635666429658265,7.933191955005352,-0.28861730978945893,-8.386974168528875,8.567722300032557,1
1.3917282938327764,-9.151316833978678,7.268652836809707,0.2163988200304722,-9.048936519219723,10.295233315119356,0.474124251722241,-6.873023417448245,8.394638350767236,-0.02094089340401195,-8.703111977760972,9.069877342096227,1
1.7669957131491292,-7.532039399228126,6.590115071223634,0.45143771634686714,-7.352325066976161,6.97054511387301,1.3386676736429826,-8.548258617363425,7.554681563402126,1.2728620708984615,-7.146412330382348,7.234396116866628,1
0.81265080665559,-7.0069004513848165,8.429494354641657,1.2034877732017975,-6.577839712101214,9.284632068281667,2.6046201006668195,-7.9925177897033235,8.87157311058883,1.2902675256557417,-8.256148931991337,9.726127595340486,1
3.5973629850803257,-7.181905212755522,6.585090347521437,4.590337545190758,-7.35298045626194,6.8066676080547825,3.2301019256546426,-6.924961689919817,7.092893118207127,1.9608265428093625,-8.71612975752933,8.14873666439112,1
3.767656391741885,-8.55977988105763,10.244267393631981,2.5176531103166404,-6.179105359281658,8.698505841403932,2.717402477865716,-6.129765573318559,7.893603680867244,4.156974783301779,-7.828854530448676,7.600075581570192,1
6.246576517419688,-6.1214591692066875,8.092615078766693,3.7094234734546587,-7.574317736592155,8.499753520516236,4.90750235781094,-7.092062128413104,8.134470755310849,4.0942995960171595,-7.6132965674433715,7.441120327027429,1
3.915331562747851,-6.240431273597523,8.442710962362284,7.185511625371217,-7.386424884802743,7.882944016464661,4.989684468964789,-7.384136672274857,9.400546223371771,5.187561156814915,-7.086304297939933,7.569183779598596,1
4.91586001773399,-8.36546451937237,8.335013558404622,5.820639329225294,-5.474326144624403,9.260106700073951,5.434391844774494,-6.721747403356387,10.148766479228808,5.240100246858742,-5.601314097723492,7.942065656334636,1
7.265727770926361,-5.577338432877304,8.842082286433612,6.554866354401879,-5.994440388334264,7.994997512407299,7.485811232707267,-4.627479887016831,8.305928295376567,6.102599579445581,-6.241957299781124,7.9108979396839265,1
8.596896796676836,-2.486376286466173,9.122894689534272,7.596917825341,-3.952032961568298,7.363077158498843,6.395964125936125,-5.832491549928133,8.729663678135566,6.801337497271472,-5.378318934628308,9.630585188318266,1
7.689245140810284,-3.323123164694665,8.162179047590483,6.713042089577794,-4.174267084654937,8.637609554169211,7.553483242741328,-4.031966249710026,7.855019050957546,7.268927795915415,-3.7491230289992616,11.25911505223965,1
8.184970724570247,-4.005967572356394,6.720709193989098,7.458595705437608,-2.4600197014510004,8.193834097402858,7.329006867131362,-3.550162933664999,8.944603676763151,7.9195853942685135,-3.157320074510452,8.797091449397543,1
8.888902087386478,-2.240787383258896,8.130053286620441,8.14751230489531,-2.162274276917646,9.354067195791579,8.340540133695844,-2.047078247980216,10.112100728585467,8.880161159361936,-3.3487957546110083,8.915829992022251,1
8.597588143543192,-2.2099497493405713,8.785369407716242,9.971317270484622,-2.666443219664566,8.964599484540253,11.18688034650705,-1.8256684601393405,7.605902464209582,10.284267181759128,-0.986968297751393,7.55003159721565,1
10.164384406559897,-0.030120673073608106,9.575636707798633,9.8800106315262,-2.735603128741126,10.731058305036939,8.587250769046532,-1.333730265608696,9.340074462917809,9.960418950253255,-0.12476121288848607,8.490700704279172,1
8.990424407919713,-0.7327827736297635,9.58997839943738,8.857556221904257,0.7037444839153164,9.137512237290006,9.288585400556917,-0.4536818874179448,10.070999413686033,9.123663134541424,0.7552511769674249,7.966002845245983,1
10.107544223102423,2.05145785319814,10.204022501665301,9.357085120758802,1.4723769302738363,9.774286201886824,10.73006824368346,0.4932264383652761,9.577458021940915,8.907925328895157,1.236048539913737,10.25822177178726,1
8.239454206456111,2.766355289919695,8.148833069020462,10.131881391637227,1.0218253839092437,8.581493837768612,9.8250463430917,0.6964755379813639,9.457044161746843,7.829279946110285,1.7817017938720934,11.367539235622392,1
10.829313232466797,3.4908023361390974,8.925321605614808,7.136262979399852,3.631165141928254,9.344839425131312,9.157923868801783,3.367888049981326,10.517645230243476,8.676802590552745,1.9456823258420641,8.7558676268881,1
7.125160229818299,5.740316081590852,9.433285462461843,9.305511749856645,5.128124743018809,9.009676880633606,8.40987502574917,4.065537952994506,9.102270058159565,8.044926051856894,2.6313351355858186,9.647395456123467,1
7.726631743418845,5.725030097422198,11.303188941363455,9.36571911038939,4.183184026187433,10.997790832993045,9.289769294042625,3.500259256677122,9.229994727377393,8.732626490415539,4.743457040728531,9.707867104591617,1
10.262676590360376,6.650861600331476,12.481289606514734,7.407988210734944,3.991259192287524,9.351013786918678,7.943068666045726,5.366373165121952,8.371219319757662,9.736295765158495,5.744217723596188,10.647881379735264,1
7.780302256663464,7.614880971549045,8.920565620987816,8.274496764331653,7.474678130087936,9.548809168633046,9.646600861626611,6.353168148109077,10.426979824298021,7.333713741711302,6.3660461448818415,10.228949226263357,1
6.4581056020423455,8.061000629034766,11.21797246820939,7.0654296294781505,8.563804628162117,10.50446174884645,6.79759479550621,6.8917501874959655,10.43454878599227,5.74447296479161,7.318723912014935,12.138519349455837,1
5.1778550603366345,8.591909473879602,10.415056493169212,7.956877190969789,7.513635962698812,9.694515955035211,7.84824580737756,8.066237773523804,9.820735164294586,6.1508539275012115,9.401384760863868,9.66260584883347,1
5.128971790069655,8.248772809257714,10.938759454948826,5.050672983377793,9.55491798003498,11.706882296406228,6.311261154145595,8.76207377907866,9.63390526857846,5.12469254532557,10.322942793920872,11.247794527525523,1
4.90233810016537,8.865263237448366,9.347580268763418,5.173354145427993,9.760898903113091,12.30150162004654,5.423651778056993,10.267363045042934,10.496859682745788,5.776533109034342,8.467092411510738,10.003832437755408,1
4.133662911517356,10.367351801005519,11.86042538486123,2.3726573055263067,9.879926039781349,9.833183319907798,3.553231821706008,9.97429456217232,10.727397051426653,1.9993140118231192,10.238169352414735,9.199194203946584,1
2.9826021973518264,10.94758043024866,8.743234203017897,2.7602446650287993,10.921805410686229,11.503287126705128,2.279081155117346,10.933567504398054,9.66443479174152,1.8000915548701424,10.446069407012148,12.026179508000414,1
0.0343969785353353,10.734559376282956,9.660330758200494,2.375783334069852,10.266663213833029,10.083062532281764,1.4080864368423833,9.466729417036772,9.092172083694127,2.326912299918243,11.32598564306906,12.529654891382492,1
0.6793889348723251,10.497434317032466,10.702097688206257,0.08148606183532153,9.939648997552037,10.6239868319164,1.495256913844623,9.975467973461607,9.392061173281359,-0.8582524839235448,12.491045246145864,11.313893266403078,1
-0.25440050444690404,10.909570379499169,10.512330838987095,0.44815194460482544,11.397323416318425,11.667400987765282,-0.08774309325151347,9.79566136313409,9.738039092625622,-0.043073735625413945,13.001267331394402,10.479149286468465,1
-1.3742853499157541,10.971485488616882,11.170831038238475,-0.8598790425021247,11.260348631343764,11.273439033873657,-3.3674224135023456,10.662876499325934,10.062561950925115,-2.28687103007653,11.666694683528616,10.122921191189764,1
-2.793055311655495,11.137384088967819,10.632695565469303,-2.690132201069719,8.597651230265246,11.398637317751145,-3.979238260425829,10.939867527412261,11.17332080629893,-1.8959351478825814,10.925894035298453,11.753472846515841,1
-5.0480901299813405,10.443803607689201,11.02929392090678,-4.186148455941802,9.580703477315227,12.338744746715326,-4.063667110773273,12.144682123488645,11.426669914576413,-3.986074110085138,10.317432471123771,9.436159756908792,1
-5.872607250642726,11.330446955241946,11.285649413853031,-7.818802406066599,9.67632777540418,12.433838521907397,-4.56059596242335,9.534609172131082,11.300430275704667,-5.186923054959794,12.519410598487326,12.23617409807767,1
-5.019310533356919,9.704722840513995,11.351945595215362,-6.6948583865625375,10.276778505633928,11.59895150112944,-6.3173723274166615,10.568727030487379,11.87581662486069,-5.57217265297787,9.113673984546532,11.176857915789018,1
-7.831786176890781,8.636947820081181,11.788019438183294,-6.142936905141327,7.845594590070823,11.083285171587951,-7.586125387637576,8.466870103572715,12.015017265017892,-7.116511904823911,9.956372317219756,11.258845333145551,1
-8.749068272590527,8.44768354593311,12.56211277315677,-8.345305626636575,8.23273844411683,11.756467102134279,-8.98501484892507,8.54190728317511,12.052579025230097,-9.211752321106811,8.282618438722988,10.789850552633892,1
-9.26321259850727,6.732060653454816,11.178764565362703,-8.589884432275424,9.46721069754677,10.949097317592965,-8.174866889406402,7.586246509648916,11.937183120613176,-9.46533589570847,6.518542326680311,10.563475633572201,1
-10.909920900236383,8.643398884503323,13.171246503843006,-10.232550119467033,6.89152383526398,12.665761103052635,-9.725387598442621,5.99996986441985,11.007579128096236,-11.279386866191114,8.375371290473572,11.905990400146335,1
-9.973899242103423,6.442541533722171,12.103923098922797,-11.828506789502628,5.968759054569903,11.890237364317406,-9.031913229493783,5.091544694622227,10.858111733826341,-11.32222750884904,4.28454545543307,12.235623056952587,1
-12.317060624799705,4.784400850035659,13.295942038187993,-10.502364879335936,4.740857359168689,11.166008667943697,-12.345186055070348,6.23350656224412,11.655146836427079,-13.100377004068582,2.8618749308057403,12.078448844599727,1
-10.724380194397842,4.9457059247821675,11.954088499204103,-12.805477158425782,4.554742870192865,13.469206919527853,-11.077885241567202,3.191006786558378,13.284219834442046,-9.59559119285451,4.300998112494932,13.247613296704346,1
-13.32091920879487,2.304251486027846,11.58407197755324,-12.34663016973349,2.526353337120971,12.351126819066103,-11.617693107801216,3.3875671769320546,14.473477733923517,-12.13428999355681,2.21490275257485,12.417598134460547,1
-12.652697240336275,1.2309501029140828,12.53723684872721,-12.073151632114481,1.063156095567078,11.791806988695136,-11.638645557615199,1.871874413795251,12.966527585393733,-11.921321333054754,1.6495009100954938,13.109048642699417,1
-12.256969449822865,-0.6337359502671903,14.873882386552168,-13.17679435071642,0.13697252920975897,13.595043933789071,-11.822370480717407,-0.5499572064889693,12.888502190514005,-13.318089425312413,-0.0064219680978070594,11.244546891332398,1
