0,1,2,3,4,5,6,7,8,9,class
1.0057598346160361,1.4683210691523563,0.0519286515664934,-1.3771548092258543,-0.019334894442892825,-1.7070592107974782,-0.465615673269518,-0.24309255421234877,2.9147055522285124,2.6355816925888416,0
2.571911951394932,1.342641447421994,0.7730823554695938,-1.1859771042998632,-1.1919586083501974,0.6968119617453858,-2.1761289406587645,-0.6007890952397688,-2.3891715271629566,-0.2650030166529058,0
0.10785748049814181,-1.637181372997405,-0.05995675197472217,-0.21563959414016143,-0.6802176717326507,0.9795854867535265,-2.9545616514496786,0.6179649282666135,-2.1848252617932227,2.1737947392266745,0
-0.07032205127118374,-1.5640931336103794,-0.8987300045959135,-2.478996399484857,3.3340204147642734,-0.8709704440522161,0.7495006165019227,0.49469215352205964,0.43102002669976525,-0.7131234652770608,0
1.608921321751204,-0.1297350312260832,-0.043376422224932654,-1.8547959230304278,0.801568436816483,1.4961177064698212,0.25428707807362283,0.5111583754966142,-3.2187804352120075,2.260448999415491,0
-1.569974165273992,-1.820001578809427,0.862830492477709,2.235288630262601,-0.7554066920367752,-0.3283527017421237,-2.686482985947236,1.505947103696423,-0.6407651303094477,0.3973727474620068,0
1.7189102993825678,-1.138791426519182,1.6758524062773263,-1.337693776628932,1.1125566935563134,2.0041341044564938,-0.48902486485202523,0.10506657086443205,2.7405623608771448,0.7548446867279237,0
-1.2902555271674965,0.8055380927824398,1.1152783210537267,1.0505674571847905,-2.101661494234941,1.208507200459172,-1.549008719606678,0.19208117877480557,-2.774104152644262,1.3517746141736584,0
-0.2547023863564526,0.8290910811790493,-1.0416308693178933,-2.6485075859564624,1.1375429405620627,-1.9242910728443183,0.23396526495703007,0.7083583776759825,-1.0016560972570323,2.8225972279479237,0
-1.4736902271604038,1.6338893055062966,-1.213031897304889,0.6171434545037524,-0.3869680055073035,-0.14779011909870743,-2.333445134150587,-1.1320567611202437,2.4052523263813272,-1.6717224454625121,0
-1.0420791149232835,0.8938072234010921,1.510957416039882,-0.05306659711543116,-0.309968356260657,-0.009185477498645511,-2.1093928742641035,0.8710387856234361,2.6587697550825684,2.65205679710599,0
-0.39784181681189423,1.4230262612409614,0.0738560933687884,3.422434949674466,0.7285620112153737,0.9068884175486938,-0.13449927180197108,-2.136979208386931,-1.226803937460419,0.5916367731215644,0
0.7762043345867786,-1.7839767645649731,1.2820610517648232,-0.38662278711379194,-2.461072619416057,1.654736853589009,0.4100162524672548,1.9554161085540631,-0.9805364381505521,2.125896057541036,0
-0.07289522939568904,1.3547549558229885,0.6996117212781741,2.12061757921116,0.42978522473644354,1.8712425920882545,1.6137727290125206,-0.7537777575701963,1.3292498560588744,-2.9381749189079507,0
3.030915025122569,-0.7819594123425624,-0.9653803289539455,0.06396217215035271,-0.8890454568610187,-1.5347298331910588,1.190268590638813,2.422957164750768,-0.13277510205019283,1.0790640700945922,0
1.4922344653763826,-0.015892606713133972,2.55854645843041,-1.282659699534138,-1.5057484329551816,0.788067558971064,-1.164654261527307,1.9598874618194504,1.4395348740112546,-0.7360303404530866,0
-1.9245535037406114,-2.092222203993741,-0.15895675861499647,-2.271380956192024,-0.23278808056196,2.337098825682334,1.7027915011432961,0.05822678825680683,1.1292057248703085,0.28844396866927546,0
-0.8534172637856354,-1.9362079654533968,-2.055276129076499,0.09856375767852565,-0.14193302596146573,-2.090292226968198,0.28833274320981506,-1.915847213441888,0.35481613840601245,-2.730748883427152,0
0.6870529063550004,-1.2815053880298075,-0.9674016547354665,-3.7047606031501545,-1.4937154820657428,1.3116802134522931,1.5013026124774704,1.2634775693891402,-0.35941572678138733,0.47383355706886565,0
2.409996056310188,1.0881429232305777,-0.7277697938279859,1.2102245708989825,-1.2161571132154405,-1.0331552109606577,-0.18973532187831577,-1.416282868326335,-3.085272284585141,-0.3582473087047502,0
-1.0815729507953153,-2.200869981931156,1.631237836934023,1.3014045196836657,1.3828587842693496,2.478811444751262,0.4710667077599542,0.11408538196011797,0.3070197948009188,2.374393172993128,0
-1.0719868599215099,-1.2661724529797738,-1.617664897184289,1.8755426071351513,1.9947207194229328,-0.41264773860228754,0.4699419099101956,0.6600347865083025,-1.5756782906891509,2.8011183906490897,0
0.22068506648906805,-2.053648530516049,-1.624024465391094,-2.2538102119960857,1.715447569292234,-0.14546347897196554,-3.102806803448508,-0.35517498235326705,-0.28920373597670235,0.43763174200644706,0
-0.7203044833963155,2.9447887260909145,-1.3670874638592014,0.6709496892300848,-0.9968338040577516,-0.8917951972018052,-0.9661098744664347,-0.41640861191293954,-2.6564616043119162,1.2420712105930978,0
-1.42841901322041,1.3280147880225543,-1.5663930376647137,-0.8132617734998409,0.2800938358174099,0.859211421003506,-0.9508070047947843,0.6285850044922894,0.3134132896499908,3.5358661921952823,0
2.045878600204394,1.2359758144447062,-1.4032107292942717,0.14029359704467925,1.441206166938045,0.05786239104426727,-0.5020138089148016,-1.6673868756995036,1.3705996070906163,-2.438575195613575,0
1.93527262882228,-0.22179523302365478,-0.9942421606809235,-2.1075335535846174,-1.7171285875560582,1.1793723214922576,-1.0003341068132499,2.404443967581785,0.5722930282423446,-1.6440833785684061,0
2.137077878371217,-1.0510162596840078,-0.06983214604864862,1.6083296933558522,-1.614979568888054,0.16697583700912766,1.5165146063131951,1.9487118063824829,-1.9313823144758837,-0.1850229416027851,0
-1.1255428612466032,1.6425881804239726,1.5616825513517716,-1.242839075976966,1.4896398918963598,-0.9067824581121089,-1.1733871519887327,1.3936590012167729,-1.7207238119285972,-2.300004020655191,0
2.1346092860366737,1.1580798481825667,1.0269396959983004,-2.2624180694933904,2.192349496265419,-2.0716318034305647,-0.9830297513457653,0.3165785625812667,0.2705948735624535,-0.9208886376222178,0
2.886295707726058,-0.17848934260068283,0.3680513429619756,0.3913191571315888,-1.1332752955368264,0.8704592951733412,0.7299972292645993,2.6863651072933727,1.1709095751869114,1.2375675790981742,0
-2.4180928727935616,-0.40325413061644433,-1.9415524492704126,1.7475906161143353,2.0742905599014776,-2.0388691245587207,-0.29605133779853876,0.10361577860598459,-0.19906025281799433,-0.7809194491894793,0
0.6611982073932072,1.7626360544564719,1.0122796783201018,-1.145476010681603,2.500798458934172,0.8076978579625678,-0.7170547942565308,-1.567707284246025,-2.3017730346091447,-1.8074195746668522,0
-1.181347798439175,2.7959997596756248,0.3805129090629844,0.5885295460260922,0.18315898849403123,0.45245542647066017,1.7385747154530087,-0.5957642125344096,-1.2507266404400474,2.823428036019018,0
-2.6607861275995637,-1.786095695560146,-2.6821195476319915,-1.896324355966338,-0.39115106497904506,-1.2035038855287383,0.22765212467800477,-0.5001934749666601,-0.09959905560218285,1.1139980046763913,0
-1.7665373414204977,0.3512583109046865,-1.6625836368438662,0.39008936055244803,0.47281780234160564,2.56623297416194,-0.16144726282882882,0.2685248494370027,3.081896829173253,1.2059573938949093,0
0.9986212538268981,-1.6241454262180586,2.7263489164449126,1.3422158325417186,-1.4438000816110543,0.9956638733053147,0.39675525421834124,0.38798607758366543,2.0829045776603508,1.4887976260714675,0
-1.4588432053327374,-1.2611764508362242,-0.08664377577186766,-0.6939960540718033,1.852382722305661,-2.4770130487954245,0.4124186923465416,-2.3986145253051183,0.8590325064185711,-1.3072395575011986,0
1.5547612096576824,-0.3440069858005348,1.3736578830129318,-1.8314771820562168,-2.853287095455169,-2.102445787587203,-0.7053731649274795,0.9313984210102539,-0.04473113430693587,-0.29975802920249706,0
-0.6227316133455227,-1.793223827259486,0.2445850659449169,2.129809225084082,-2.605330747907695,1.392359439081872,2.1575507198842363,-0.24661407493308474,0.2643956852293723,-0.5477840190682803,0
3.2799182670949527,0.4396290588730798,0.7955710383857051,0.43840506336176865,-3.047556143968709,0.43430278407189693,1.380866287050396,0.030507605623167677,0.1700327258385217,-0.4986351433395857,0
-1.8232250442458522,0.40323109036652927,-1.5171196035250158,1.733423768879879,-1.9339827942941321,-2.4591832622285237,0.22440596457990658,-1.4694598847093063,-0.9411941044859748,-0.0527461827577147,0
-2.4097219476200094,1.4950404786782654,-0.379182017149744,-0.4934404766600551,2.3514344106039333,1.212826964294651,0.6757921728019731,1.8765315671124574,1.6438053811289421,0.3211983172551207,0
-0.12122882625909881,-0.3123646017459514,-0.17021354530495714,2.6958283202974958,-0.3957819935137499,1.2928300126990857,-0.7194404825375775,-1.8328873815578097,2.478186352032842,-1.7153167619809553,0
0.8026526626584598,-0.7440954594849183,0.2406872846965955,-0.14933532874582234,-2.5295417156190547,-1.950298555001746,1.9824435464967962,2.383259358107132,-0.778116786040707,-1.3954095437037473,0
-0.23091991595133532,1.1934316082236105,1.2810201204721423,-0.6796114565861142,0.8822359613674742,1.8777245492678638,-1.8841813062014823,2.5524535688790815,-2.0374509919750827,0.4183782437996877,0
-0.12018633317187977,-0.42602257891950046,-1.0246714570773738,-1.915660272859736,-0.8830476809079997,0.622710310004944,-1.2514182309324995,3.300583844916636,-0.7877882552104225,-2.2617021323016493,0
-0.12465411990853514,-0.09028416397361294,0.9302325895906405,0.8188684175307301,1.8462533804734402,-0.5889973216317124,3.527365414007571,-1.3908589780080471,0.18286974058698924,-1.4641745960622399,0
1.6697080506545516,-2.770214985447217,1.7424533524993402,-0.898272564093709,-1.737712935579605,-0.7283947937426181,1.9203915022763995,0.6358246743456686,-1.2446264542610286,1.0671993266454436,0
-0.6740292316476264,3.1404855627420982,0.7865406643314445,0.9088187902039095,-0.6150230493270437,2.932574061636455,1.6672558668043163,0.21118374396033168,-0.8593765549826315,-0.2253702189392488,0
2.2313851971644603,-0.28039199615537047,-0.18714267211835,1.667543990196572,-1.0575901539071397,0.05040470809119313,-2.4631662421474942,0.556361945470937,-0.20501177308886565,-2.4744202079520603,0
0.2816459784873171,0.31059859609594564,-2.4391587599361655,0.19214952021297105,-0.9759909773522866,-0.444081536002626,-1.8945984062844379,-1.4269425552679547,3.237144007121138,-0.3709983934429655,0
0.654962724185709,0.9099959822217318,0.8187536966539577,0.716384820355664,-0.8149933308523067,-3.257003914582006,0.7800821183279734,-1.7966263638885396,-2.5950104477811475,0.1928410026684544,0
-1.2742527934372996,-0.003005639282878114,-1.2668133188459096,-0.26426350499977236,1.6530027784980819,-0.039432144119202484,-0.8210163258440284,0.7733568728009264,-3.5694734150460095,1.7038987723566628,0
1.4835699864407372,1.6015634758425925,-1.2934876053309141,1.8211037309784537,-2.087896938309891,1.5775372795070073,-0.5635807591751387,2.1145464162710947,0.9873237712717078,-1.0699281450518052,0
0.6464204650035734,2.4343253513790666,0.7347283787669081,-1.9756501350238276,1.1947981778338566,-1.4278340165629375,-0.7549185806382388,-2.1891479185440286,1.4479597513600782,-0.6305894633810807,0
-2.7779273582254516,-0.22771301152889745,-0.5754472483356228,-0.6229665517049039,-2.6378103546957576,-0.7966229596062941,0.39949241558671655,0.8146875394373856,-1.474806640093318,-1.221188236095224,0
-0.7472575332007416,1.516266140121001,1.6762263689432269,0.8250506795747423,-0.6550261626317413,3.449385300148503,1.215513780739621,1.4316578946983105,0.08476088972566309,1.2685576046714218,0
0.5904602335835998,2.4313621730618165,-0.6621551648968813,1.9566669122957183,1.4663506729278932,0.8047947290387132,1.3877434052587656,1.1774978256545037,-1.9815737325061544,-0.09313446053211294,0
0.11311265119182323,-1.2554394773269961,2.168870885500313,1.456526773645022,-1.1375376084666455,-1.93341917137995,3.108479728196901,1.2710617343371204,0.1826159041299027,0.29623231351625634,0
-0.5704495719914826,-3.7547978098981396,-0.46618618869528206,1.551549806817496,-0.4797146438457389,-0.11460509355985415,0.7798198615910206,-1.3736708469353163,-1.7581514358244101,1.4114899361281275,0
1.225784610062556,1.2600947491349412,0.4501800581469917,1.7436281182160265,-0.6755573993608879,-2.827904148518642,2.696713619518844,1.0801455951485366,-0.5097327888485079,0.3357275953129655,0
-0.6163202981412521,0.6450578785043817,-0.21046621632977747,-2.8019184955527745,-0.547420516607275,-0.9390672348047122,-1.4412027925402393,1.6921813613242618,1.2225704308291103,2.651822849951917,0
-1.2176632127827078,-0.8103741177384096,1.7379076354478968,-1.613302551652561,0.5069645530213212,-1.2144071454887992,2.693583651986522,-1.8212434016869548,0.06324598883470145,-0.8160676339296131,0
0.04833620900584368,0.01959006898087612,-2.372335347324918,0.9509150620019904,-1.4568288842718804,2.3560942385863983,0.2393362057459889,1.3236232720810905,-0.9906373045442205,-2.7148429550633733,0
0.9998365336954667,0.21011863635319017,0.03287887489844721,0.010756575660111345,2.6192655553665043,1.0390173599798338,-0.4118694100010165,1.5041212465269993,-1.6330649505586612,2.9424001084513964,0
-0.7793995872275383,-2.112818897296258,-0.14393993383574077,0.032141653159359684,1.4678986611153633,-0.13656279910351543,1.9212167034281693,2.2533053556900375,1.6676160910377602,2.3500664555916115,0
-1.491882349017284,-2.012663556153856,0.6672722657726382,-1.359599042854036,1.6939853866086878,-1.4866347541734393,-1.187135085458202,-0.3075965092584445,-2.4495177825432424,-0.5806192860532979,0
2.5580777791411,-1.5189442353819294,-0.4937889495481631,1.1054056730402797,1.6124595720284676,-1.3047572660409514,-1.7318414059077227,-0.3992881036499174,-0.8265688408472007,-1.7146607306481796,0
-2.3142429104246798,0.12420600432478501,-0.16504035934993855,0.06634930969187813,-1.311121151324579,-0.44937961180716535,1.7026373939738457,-1.1731286469924873,-3.4098836393671474,-0.040419690758771054,0
-0.7305428693292173,1.3594962111197573,1.822883937413966,-0.01397887064854153,1.7120182785893956,-0.13399637854781865,-3.4895886737765123,-0.9234647787340089,1.1738476072021387,0.2010807829568808,0
-1.0894456516984654,-2.514284697858802,1.1771438947937938,-0.1292491463639358,-0.7465595573745105,-1.3192489946178032,-1.389398393774759,0.9421878515623465,-0.9042295287652804,-2.6932805827347908,0
1.9561126040423913,1.132496120926164,-2.7302116540911148,1.3984306319250646,-1.1045203341829235,1.3666371547628202,0.589038445275369,1.6546909675876087,0.6011226726552259,-1.2522134479407718,0
-0.6802997957195176,-0.7886537649641596,-1.598603595812289,-1.0244153000525866,1.8020982464195932,-1.3135875345193826,-2.6634532206876926,0.5828358969937746,-0.4079091664376877,2.12322420804065,0
-0.7409050224249869,-0.0018785281957809374,-2.216107738659815,1.34274330240501,2.3729210398442833,-1.648733147076935,-0.22310328014923808,-0.946455467278998,-2.2411876894828597,-0.3151823172057906,0
-2.471954329411601,-1.421537157744793,-0.3976776726422502,0.604080209722162,0.6084811072583838,1.1863876560958877,-2.1821466059829433,2.5437967980794642,0.9705696969324347,-1.3466466508499977,0
0.10399249737075955,0.7964888925907454,0.8354551062739315,-2.046178445294263,-0.5654565969023704,1.4014167076002382,2.8273131814931185,0.6278254068423657,-1.216556929438303,-1.9863096444657105,0
-3.4211867489971857,1.1898108607774667,0.44505817853788265,1.1359205313209264,-1.951723173448039,0.5837820309535848,-1.7619602273658175,0.7173917938002337,0.5589328383085803,0.43526393806711283,0
-2.3934922903646907,-1.9007913703317203,1.87118440780469,-1.855023893463538,-0.10511855238808732,0.7751138197464327,-1.3706224062988372,-1.0913794032564619,-1.462172693982673,-1.4157064207652983,0
1.565974380828271,-0.4054507655233994,1.8732594620364207,-1.6877672449467451,-0.48877459365508535,-0.2550204204448221,0.19654831577022414,0.3732665845834484,-3.129013778003835,-1.8991897670755273,0
-1.4302062843129324,2.1683656697244658,1.0371931631052096,0.43381720144425273,0.5535672988455778,-2.045499096829114,-1.2265263067171661,-1.3379477553226171,-2.109046099311218,-2.170460602180919,0
3.990624477513249,0.4266800307458505,-0.4579295767298541,1.5703800578800307,1.4695423245925667,0.09533200900524896,-0.871477003040253,0.25114597967617147,0.619499977693998,-0.2270080849846856,0
0.33194967610113224,-1.847390324275949,0.9809981983784706,1.405156583197785,-3.471610877792719,-0.8545524633923858,1.4007235497311745,-0.38982562025419654,-1.6310911397014385,0.5868878299036595,0
-2.6422775596223493,-1.770763841764742,-2.495561382508733,-0.3771787601941057,0.3235253498909074,-0.7154675754609565,0.7936991635752753,0.5571010115297703,2.4025795750387466,0.3662870393002491,0
-2.7644641224217406,-1.1133804018559044,-0.7111877949359773,0.19986149521241714,0.3552032042308708,2.214120414196433,0.9517625766140299,-1.540809809073683,-1.9724421082959642,0.6274374892243308,0
-0.1169340247398214,-0.29608297581753007,-0.0301587600940163,2.1910549207867227,0.11116825516733986,-2.91006421824477,1.7271000767006663,-1.277321187287189,1.926894716822403,-1.5419556355621165,0
1.0978543263809373,0.40935811540470457,-0.18151033885646672,-1.142704830256318,-0.17050983473064907,-0.822182454875704,-3.191140161250998,0.6744477514993044,0.2686810421471648,-2.9683847176483513,0
1.8943274250425937,2.718618369649385,-1.9284558478902714,-0.3721127347276223,0.2818098630389789,-0.49726554207508045,-0.3563025776887665,2.451355808118648,-0.8474127991017362,1.2608880202548463,0
1.7082371420100593,0.9325037304034813,-0.8635025811897084,-1.1536096772355728,-0.7630877903779831,-1.373521226210821,-1.9384075459351733,3.160892624285607,-0.37472095670004624,0.5570562210744772,0
0.5729904930193648,1.8474470629007032,-0.5698378243578981,0.9764683158181473,-1.5826153774975635,2.7709455638628686,-2.0746526350040915,-0.6616887596924412,-0.3812222379476582,-1.529828369173134,0
-3.2117305645883762,-1.2395992632221553,-0.9761907703326154,-0.6635162687485261,0.437981151814002,1.5908678699262744,-2.4987297550654928,0.7184440135050263,0.4009172134628889,0.6486443348787487,0
-0.25071370878192667,1.7855244872466702,1.476266767323084,0.6446269744461546,-0.48695547085046265,2.680124318483718,-1.6592893918946805,0.14124546270245641,-2.1916255626873893,-0.38949890257337394,0
1.1091287315463552,-0.6984806044351473,-0.3506750520115931,-2.7439662814953882,-0.43422352703205025,-3.377139673976205,1.5302847690067614,0.05107266219320117,-0.070500956367332,-0.42410849139375184,0
-1.3258451494454149,0.7329680756455765,-1.395614897616262,2.095959960652994,1.8591959215517386,-0.050903021508858615,0.8354317191966398,0.7580454928157279,2.448893686530102,-2.1867024019004377,0
-1.1511921754847654,-2.562656536741541,2.170716144507958,-0.19009660404905482,1.2664584368124263,-1.2057473653768227,1.0937456623110453,2.5308695824116647,-0.09910749956774101,-0.06257378021885973,0
1.4574218283058462,1.678214896254632,-0.06910706808407063,2.21311309227368,1.3712896891854784,-3.176576122804752,0.1540439954759396,-0.5104180854043143,0.6997661760693514,0.2925711948612406,0
1.8362412190528774,-0.9391517836249355,-0.8982919144221952,-0.8646687877581929,-1.2700148573219439,-1.7661414452142465,0.26815364884325277,-2.679616680201912,2.159399955697479,0.3965986537527888,0
-0.6553823778403558,1.5991484362409807,-0.9011354879171769,1.1670899256673604,0.1191148207749615,-0.8654132032856747,3.1958442046426523,-2.135267106114842,0.7241883475686972,1.6769801122061754,0
0.02243516865801176,-1.8436530819942396,0.8224695071245867,-0.9954307902093884,0.43442053972901906,3.427707466373363,-2.214355668973643,-1.6927687270269676,-0.20121550722736892,-0.21290461033296282,0
-1.3546568132259527,1.1168691961634805,1.2114145122921087,2.861817425959292,-0.5200120874013878,2.4037599294555587,1.6956303402810065,-0.016779694659064148,0.1536939926785097,1.1786607798771627,0
1.4570450995220252,2.4107552410706523,2.137676426681292,-1.8693341642006223,-0.06127741957095534,-0.013038878359771466,0.2790293838116318,1.296121584560125,2.4881740797675764,-0.42711595727175666,0
2.9909537855588457,-0.39532276344761996,-2.308768840004091,-0.10053099374530827,1.9607550401892233,1.156996353707628,0.41099490575368325,0.681150202641092,-0.18191454073385316,-0.8641384925963784,0
0.41592260513906254,2.2044609530053174,-0.7266019183050041,-1.7580541606047486,2.0589800073895317,1.6893301688027371,-0.11299819268367095,0.1984824176869191,-2.4202403629828604,0.8334050242489885,0
0.22874401973326375,2.1038421678238697,-0.676849703281003,-2.5524697797773754,0.31019040844831647,-0.7604956954695732,0.7042543226140481,1.4125722578268451,0.39640744137935613,2.4610610592696682,0
-0.6495024177488764,0.6415094302350441,-1.8338582884046515,-1.788919512335705,0.06488468366277012,-0.8659609112800171,2.096200722947148,-2.4019071936451644,1.449519827202563,-1.6357720257236688,0
-0.4741302403864651,-0.03283935126345483,-0.8898834445368973,1.7820282527992841,-2.998215639309594,0.773382548056877,1.4075174768431564,-0.33355062714867234,1.7077051608682838,1.6600838579162076,0
-1.4625934956636257,0.6129560023949798,-0.9584612326968509,1.1358347516872955,-0.9430988842843311,1.1175721060316866,-0.7773841760930145,-0.4426703477176268,3.6689942329491014,1.0408639688760264,0
1.4916344372400534,2.1847952948890104,1.636463552356413,-0.1488586471693587,-0.7352022707464645,1.4465798721509868,0.28204564238931873,-0.755958505929561,-1.8538845920849525,2.280339639678721,0
1.2761482468532224,-2.172579950821131,1.2790488925551653,-1.3562762520233642,2.2443633653842117,0.789529202261531,0.16986287320653837,2.4229078973328804,-1.3789294074175054,-0.6223969906252975,0
-0.6813906587766008,-0.21234838737112227,-2.536810455833487,-0.07551220994094443,0.1212050107469711,0.13486586472059692,0.41593707591337115,2.1995199928095595,2.960803955456191,-0.4147045934856184,0
-1.1664731627860059,-0.6883099844884271,0.3544653031467977,-2.9177096768164534,-1.0183817689145336,2.881239558545234,-1.8259428212139603,-0.6798740446609566,0.5470280886098262,-0.19073849414639188,0
-1.1989307969235075,-2.0425447881758596,1.5099965452024398,1.6683137074337875,-0.5749978484284011,-0.9398161022845084,0.7138677618473013,0.7659902461325983,-2.348975159065203,-2.1086713567824464,0
-0.08546404051808487,2.414146086226225,-0.7753018615544471,-2.0211009232596364,0.7196087350164238,-0.9686601521252438,-0.6239095449984058,-0.3231311542166626,2.768034138154838,0.3880417017826936,0
0.0065712551990140255,-1.2471572516026908,-0.5055677468117246,2.7893871045911336,-0.026148076363635475,0.3265537135262173,-0.34909346212084547,-1.2282543905126877,-2.001631047849881,-2.3585223442425027,0
1.5023250368253196,-2.2000475143693707,-0.8239270887773493,1.759261000605675,0.20056839263016002,1.215790403701905,2.2742724583639777,-0.9411033529276942,-1.4033687234818872,-0.803950324119544,0
1.0729176226530708,2.3836143577489866,0.10204283350856613,2.6690591050814527,0.30758251828683747,-1.2710480271757585,1.5040392865882426,0.3481217373780874,1.209788489695124,-0.968170888401434,0
-0.5223337696741019,1.382206256588395,0.4826285656847693,1.6122566724009557,-1.446849705258888,-0.6613806205763586,5.532786762962871e-06,-1.3971706725365731,2.0957816634268847,2.7536846013202565,0
1.9138603436796533,0.7509082899200559,-2.6483293247891915,-0.8202208253018757,-2.1781628222961267,1.1500372151303973,-0.8191852550328864,0.8951462146633915,-1.7318074015014373,-0.6676767138780138,0
0.47583761466051566,0.04165533005732769,1.6112843215510928,-0.7535588383558798,3.5138804237358947,-1.0148705506895164,0.7214090417262167,-1.1745247285681728,2.1950752928237005,0.47567927986544944,0
2.5894570806643333,-3.0908492960787823,1.0410510716333485,-0.4208383081332414,0.48549254736855474,-1.3093646217890043,-0.5119314826326455,-1.138800845121537,1.8918654966175419,-0.2964963863559493,0
0.45732364856668983,-0.9555290706414246,-0.2073944582438978,-0.46576270640270856,0.22174128126202586,2.014579754232802,-2.6217544247679827,-1.221953454415826,-1.9621182880438095,1.889322357622003,0
-1.7807272007466213,-0.38064568365322593,1.1987608513949155,-2.3422537282313183,0.754466604821058,-1.8420135108550606,1.5198773897784177,2.0469512878010274,-0.008079473062927889,-0.019855033683096046,0
-0.38107797011991273,-1.177902130339957,-0.2480643534814977,-0.35659565408644944,0.5604738831688323,0.21477761946966822,2.1525977401436034,-1.8853756357967444,2.193315145409227,3.0172616593636157,0
-2.879245129625805,-1.9313556377743089,0.3416867802815151,-0.5396818346109118,-1.3479121298683405,0.640295019321738,-0.911683392005104,1.958766812628551,-0.22171610221340288,1.1177232115465907,0
-0.7118376433480353,0.6421194742797383,-1.306055832646682,1.0553903294661673,-3.5312272096759467,1.892960203852172,1.8822390087253442,0.8245404956909406,-0.8195362703860667,0.0034270915933412027,0
1.6884623422595544,1.425904342130356,-1.7765465869382044,3.0006107585837007,0.15964365651811807,-0.9518168646244671,1.2450272975728733,-1.3890993167822039,1.0096328347336927,-1.027831190664823,0
-0.35249041325294694,-0.26071439742060587,0.11004156703130974,-2.0734557639546813,0.0314145839507427,1.3849470139920763,1.780799337905811,-0.13089830035034833,-2.3107353989878843,-2.8951046233820596,0
1.3973694703596848,0.11004896447926704,1.2020977739403618,1.3265589581736386,-0.013028165539131109,-1.268538444469164,3.5207334066460323,0.2881619929256978,-0.8161654941679872,-0.5874784947426281,0
-0.4027942664648565,0.47695081151102414,-0.38623055953261876,-2.712671254899932,-1.964582899816417,0.7117188437462287,-0.19940355689971678,-2.531273462891468,-1.0653525627239055,1.6232821820482366,0
-0.4236790809235904,2.504077826862047,0.5225632035416954,-0.286234583155764,-2.0062311704723825,-1.3503372727820109,-2.1716976395113163,-1.4860833373270088,-2.117250776026103,-0.010376354163924795,0
0.29103214980260717,2.8286343415391073,0.6628049963709701,-1.0149213557735237,0.21032964752585492,0.8364090965970732,-2.373620377082133,1.8329282579004147,-1.871168218920316,-0.554000143406089,0
-0.4983748647264541,-0.13303815014567366,-3.2840582376085203,-1.4311366372543457,2.5560132222958067,0.17832317768769457,1.1388997653118151,-0.9534871004584478,-0.2057670516578991,-1.2486057460549196,0
-0.13047272827504752,1.665165050090521,-0.1642619532573928,0.8860018157443426,-1.167358396820577,-2.958713997042347,-2.2150848564295336,-0.6854138110445609,0.6477158647770134,-1.6440162207580764,0
-0.7201620114352094,-3.8541832316198588,0.584642501373283,-0.44572599836583393,-1.9943700123539907,-0.10957472480480135,-0.7843459135891884,-0.2931951905510708,1.2149805134359202,-0.6893578463697221,0
-1.2630594715640129,0.9730001098624728,-1.7646975869034254,-0.7402482772829977,0.08581240961895276,2.120244121940784,-0.9324234969631506,2.5240348460372273,1.734978395405661,-1.5943156382431156,0
-2.3309089424837603,-1.7799097804382624,-1.5584822190183187,0.15260395876662702,0.4318962542106819,0.209233907656051,-1.6494950553819399,-0.39622534590918335,1.7220491737109223,-2.1041664556713444,0
-0.2233241129386112,-0.9217891021228404,-2.6184686949075333,-0.4095960619775507,-0.331583763619979,2.089876559534094,-0.5103306939656029,-2.566025299830994,-1.0816801016436028,1.2830355905840385,0
0.5713303405663419,0.5892547353922373,2.864852766207685,-2.3248675057139123,-0.4088821959151243,2.433326513398459,1.6158803269502204,-1.0948148019525394,-0.8519284908636591,0.00015988205343564488,0
0.2677277078746414,-3.5653416839892182,2.0330027762227605,1.782664287389876,-0.6719068786448492,-0.02987189416436209,-0.5972284820893412,-0.8552969675799202,0.8178991052201265,-1.4850917313328784,0
-0.8886420146095633,2.515637014651028,-2.7120876823400444,-0.20897004617177828,-0.3751430525108832,-0.09278576142273387,1.674609267413258,2.3898342810881132,0.3359385931620382,0.37664087912172484,0
0.873983989800843,2.307583452866745,-2.0581035916361703,-1.3736828153814553,-2.343650707773981,1.0194271304502545,1.331575185532941,0.2619743536563126,-0.06125773604631313,-0.41550100947581736,0
0.384275560294447,-0.14296308045740336,-2.121130278204044,-0.5740743639355266,0.9371453145745248,-1.4219333020679583,-2.3346827437224684,1.1457986437535697,1.4151126356321093,-2.6660281994597215,0
-0.7892244387364418,0.280131087139436,1.3451563039674141,-1.1570860024772567,2.4371806603828494,-0.5400059114439584,-2.745638472876264,-1.6374663049281404,1.3404377665278258,1.6262731285833407,0
-2.539159397428341,-1.2189690637271133,-0.1997049105820805,-2.3648283745572254,2.645895266152155,-0.36118243515528015,-1.3951752221629956,-0.04936651252670643,0.5828271452540861,1.3274803651212883,0
-1.3887290295803867,1.7693177239035798,0.39911203032335507,-0.24042548940942154,1.3761146451518647,-0.5041965846150287,3.1515812933718426,1.3896577665504264,0.5671198908863451,1.4483484056732703,0
0.7373943333542146,-2.255682437326252,-1.9508166351867628,-0.8764722879591025,1.8388011737394683,1.828429751940682,0.35290012589592834,-1.035053722955388,-0.628620210854411,-2.0875471594483064,0
-0.3373753634795218,-0.10945856326455683,3.412144938508769,1.009219256966153,-0.6798711282810652,-2.4516538578218947,-1.4619963275320433,0.4374107976070114,-1.3337240185200159,1.2771680763266087,0
-0.40314598946635716,-3.109331895385472,0.7308328698306674,-0.510860555218553,1.0972559585146024,0.4278872574923298,2.625304251616943,1.1116846994408824,0.3948270458816676,1.038878004701342,0
0.4576378826887275,-2.7422038597570197,0.5483379225884661,2.6561417484900476,0.07515923404261127,-0.011534055419875955,0.4153158342148462,-1.1600213989021757,-0.14395089745713108,-2.8275594547611593,0
-0.7397473513570194,2.2861425603482664,2.057159575534797,-0.898569478068735,-0.3535828017774616,-2.0450209201485925,-0.5455412011277758,0.45990233085684906,-2.2915963022353703,0.09678603767264615,0
-2.8674911638735665,-0.8925058986980714,0.4147906560188961,1.3837417100451734,0.29033666051991247,-2.4402732558971127,-2.3131663500612163,-0.38568509662271033,-1.0886124551958911,0.7097096449036915,0
1.1863213429400616,-0.7432954133546721,-0.3455512157776388,-0.868986847577677,1.8956748787180855,2.925882332112449,0.23370237304119446,-0.8449530803957392,-1.453476787889738,2.477664175626958,0
0.3141708864313264,-1.4370555369916813,-0.8395861395403674,-1.9575714953341885,-2.166904864056005,0.3535518432872671,-0.32935298754950537,0.8193556547078016,3.2943043985855027,0.05069177646650935,0
-0.5228047456443221,1.2013466342459527,-0.7921374151323235,1.3367836195927758,1.8236158107313152,0.4480024844772448,1.2990827871454655,-1.869475146197349,1.1748861361836207,-2.816910017779235,0
0.5339882672209173,-2.4644710585598952,-2.7835558496662927,-0.9827324972051716,1.5526361640966613,0.9024961778977216,-0.7400193126323229,1.774343165951854,0.489946535828115,-1.2073376981339,0
-2.2729180675182303,0.2933286237502344,-0.20225566244236237,3.2492766297730054,-0.05443925019727658,-2.447204150081431,-0.28721921802872963,-0.04553297426272973,1.2309259169336686,-0.09941969863530709,0
0.1472822210476652,-1.9971840907920848,-2.4752588684149632,0.16584341132751224,0.9388606708280447,1.9336917536046316,-0.5845424743305294,0.8856445659294891,-0.7586870803462862,-2.774117143669282,0
-0.03662920920418866,0.43425628996607823,-0.42993507933403485,-3.744643440879379,-1.433021063055783,0.6304842346314192,-0.39460595576118607,1.5935981536215227,1.7224708982958745,0.9755090640597439,0
-0.5923538965582527,-1.7634394425472202,0.9835727742773228,0.9258519224869737,-1.9380668802408172,3.3956852775679085,-0.69784241621766,-0.27893414631687463,0.04871764512341592,-1.9173634108740933,0
-2.688771881141646,-1.7945552485106377,1.2448258208950183,0.1519900522883848,-0.7723369962551967,-1.8640120385920445,-0.4522967363224337,1.9963083423853494,-0.46998115059962675,-1.8136818478519912,0
1.562254990975016,1.041641910986284,-0.7522259548443468,0.29187836940880896,2.4444939178916076,1.7081237423587634,-1.4414026483208175,-0.0022372526333285236,-2.880066566303592,-0.7820049264971143,0
-0.39622640532161846,1.7525780873874366,0.01444194029926038,0.0257265106091511,-2.455109655776778,1.710501760320736,-2.16242878369584,1.6918133087633223,1.4312765488839343,1.3715647039798506,0
0.11387350602515589,-0.37825021785790636,-0.08926569325621792,1.455706504930677,2.304309071569314,1.1116760656862068,3.5114665714684197,-0.15645495044504987,-0.5636188636069992,-1.3304573593173497,0
-0.07991164019321317,-2.836064814645076,1.4449996940814476,1.0506136051257027,-1.9321440141088884,-0.8263308225177681,2.3968657902655446,0.4307373514292383,1.0841946296821803,-1.026256726098592,0
0.8507359713210843,1.48892646511832,-1.3595095951162905,0.47357993393145836,-2.6104586130755902,-2.1054506753022597,-1.2400251611584867,-0.7179448895851852,-0.9939106227595822,-1.6784514205837917,0
-2.53060233638964,1.7402804884634113,0.08456560677670666,-0.4176942039845759,-2.9047718751254603,1.879585433938745,0.24400507796604654,0.5863593929079469,0.5819149630132792,1.245710089129103,0
-1.1260303922814296,0.7957089455261546,2.6948372723820917,2.351165809800774,1.3696288595652604,0.8855666025503695,-0.35248171395900396,-1.957899339323801,1.626083606512399,0.7023171281274285,0
0.27441936607601036,0.26018002968782206,-3.896093933379814,0.9803318818557019,0.19357001648988703,0.2626350995250961,0.9979478310724073,-0.5955082044478823,-0.9642334891422424,2.0811814082733235,0
-0.6192162853893084,1.3236669878128335,2.2034299825596984,-0.12488218721816757,-1.0159498590769909,1.6580359952629609,-1.7287191134004964,2.51200524909967,-0.24644210947035372,1.9059858570867565,0
1.3718653951166608,-1.8448552738972666,2.0497885446038113,-1.2892969073822602,3.1009943343162583,-0.39709162264446896,-1.7648082726835348,0.010264173345719385,0.7221032548344422,-0.2504495417115926,0
0.24083489913159184,-0.9469647146506794,-0.12516414924895258,-1.0547547539172109,3.1869875251693696,1.3817178784957829,-1.8268927601710794,-2.4714835781806044,-0.540241606819194,0.08554016720825697,0
0.3422170708539447,2.328737474356096,1.1185626299137947,1.492895817768325,0.22931096645696059,-1.0385933578771867,-2.6038898119260634,1.0809154592681258,1.071918709304538,-1.1859104697683165,0
2.1549494157479163,-1.0126921090665055,1.8107235513152755,0.2876479600469448,0.46387533919625046,-1.7623129139939553,-2.0001741163953843,-2.099429535823283,0.8076284217257506,-1.8758359624991652,0
-0.5349680220066011,1.5759195241345498,-2.4011915032265363,0.7255580507960886,2.782447964364133,0.9846728565220717,0.26287021402449984,-1.732523753863143,-1.1907949248370144,-1.6083376004539884,0
1.5449336755664023,-1.7718217961098324,-0.9467089129631212,0.09918282489837082,0.3659245592181648,0.2984976514618509,1.0318039949261495,2.43740221897185,1.5865846639363532,-2.0236211406079265,0
1.4916115926241336,1.1235621340375133,0.6618131095530444,-1.0485491348352038,-0.907881540309492,-1.4308547306997497,2.6339819148464905,1.0235344069730097,-1.4323703759834414,2.139894908952046,0
1.1844993455757882,-1.7631476106778554,-0.3687122811287633,0.5142646791029923,0.8548767098557377,2.7660235961791715,-1.3026533282661799,1.7124780835073041,-2.154959193178642,-0.4227629284950032,0
1.3509046253818005,-0.07607884509892937,-1.903492026799869,2.328491635247074,0.7770976947665673,1.9468948792698146,1.706319744613639,-1.2097586191808563,1.3039839690133892,0.6946027691020067,0
-0.8825677991976422,-1.2515090069595969,-1.0949020332203316,-1.7137511088786672,-0.006276944817883212,1.8983942253872446,0.6788006019348982,-3.3993030306649596,-0.24306795957643246,-1.3485742241481171,0
-0.05148089486948315,2.3181660946228373,-1.3903419706808515,1.1123464549173132,-1.2301872882767206,0.3606524514181366,0.06553745970193514,-0.6905760012016593,2.0091752442562436,2.584763141205836,0
-0.9975541252732807,-0.7466879403953381,-1.957931796407646,1.4401578667078052,-0.7994621867677862,-0.958851986171033,0.884393596771325,-1.5435986771991592,3.452811522104982,-0.08202264160354922,0
-0.3336023215787254,-0.8807592474481432,-0.08687805484298039,0.5718241914028059,-1.2204803477454385,0.09854499816804818,-2.7144836830184027,-2.315209627272583,-2.5136871750735965,0.7288108717138622,0
-0.13428822332425927,-1.3011757874759988,3.5635514420253998,-0.5004045393083825,0.791476139756706,0.9609551269163514,1.5228638100123053,1.2127714226335442,-0.9867379677122878,1.9898710342785648,0
0.1334838751885945,0.2776886142732842,0.8165245303777668,-0.014385269006927714,-0.2784868676925223,-4.125186447097756,0.9241728417950323,-1.1599499225232988,-1.199848532749109,-0.834978595627625,0
-0.8288741609714769,-0.2759711800994866,-2.6458429089244904,0.7436154767095235,0.42273996125597435,-1.0113308386790711,2.864552341644117,0.18113594984135872,1.5761699472497472,-1.9667155857029792,0
0.31058013300320564,-0.9437395570295699,0.022123357577664038,4.1488584656495195,0.8024646065865024,1.6579930157920852,0.676370634274357,-1.5588540351037707,-0.2742751394308227,0.10586040405241626,0
-2.392239984887391,-2.6078279870056997,-1.1558663251154924,-0.7085065775608239,-0.31685639753930417,1.69069261822096,2.0476404477900374,0.19630938323750158,-1.3071575021070316,-1.2555103407162371,0
-3.0508431326908614,0.8167568141628436,-1.5664787099877229,-2.0110177166503207,-0.130390405852431,1.8496689085018563,1.1664848028697081,0.9283929568871843,1.6235171125728023,-0.20407286530012847,0
1.1535148185604873,1.3034055447728594,-0.6123228681632682,1.1356066936444549,-0.8543788448988465,-0.9658507421617335,-1.0457662958367253,1.3737168597774643,-1.8988690370703907,-2.910503465489752,0
2.6156457547707133,-2.4343520977737865,0.8620684961370992,1.5229761176160945,0.6326181797719048,0.25459027976518733,-2.100745816283548,-0.7802106026594586,1.687915273209292,-0.14253825057536051,0
-1.5515176982203007,-1.5245119289483,-3.2970464629103677,-0.6268756143048595,0.42913290050019004,0.9860411828932483,-0.2732853919546008,-1.3503538814464164,-1.400444748437554,0.9050157639522496,0
-0.2281296855079118,0.90389571504367,-2.371121371612287,-0.7822355832559866,-0.14355469265463494,-1.9471416366391612,0.8622239930442932,-2.1677091464395035,1.726128788901108,1.5630102573768916,0
0.17819269911631874,-2.1355557238454526,-1.7434674224015456,-1.8813590405531966,-0.4462093998512451,-2.9237696203399555,0.15750489177103066,1.786786172863117,-0.16841277106082408,-0.8920843504608955,0
-0.0666103134649294,1.391170848863763,0.7214950325474359,2.7977219678394762,-0.1521784388119718,1.5045244660440389,-0.5585415217133605,-1.287314671635155,-1.9948500681788541,2.040907336253622,0
0.9557409646170676,-1.725623160709635,-0.6396860778324491,-1.3226719248355048,2.6254047894992594,1.5025393227948367,-2.377548868681554,-0.1793805688829,0.7164124219769006,1.1994382153581515,0
-0.6911102092495014,-1.6371801280542462,-0.25174065801383794,0.44732808031038385,-1.2982254300471832,0.7105195464998868,-0.3154251659399554,1.6355659558313853,3.1199689933966077,2.062943539019053,0
-0.15428141306354526,-0.5605863896400143,2.7634123749414696,-1.2607284081958339,1.6101721384333505,-1.0702999434142102,2.337905523764955,0.42164591212360314,-0.0021094897921454248,2.2127650241466723,0
-0.5835350903892884,0.6091498806238063,3.3609229689056566,-0.6895031440581691,-1.28247990036914,-0.22381722995436615,2.4747224855114416,0.32341192695167553,1.0472862135189276,0.6908816615751636,0
-0.4393826952286952,1.2827328899359483,2.688735617390206,-0.6453923888573341,-1.1385291954134158,2.2855083499556725,0.9174125360941385,0.9830648091295391,0.6568392471368298,1.4828539937800347,0
-0.202846405905456,1.1756883351120662,-0.7639318078919475,-2.2118218910456333,1.8120952220814264,0.7464989194109375,2.845566669112075,0.1285636366320677,0.5175374917540569,1.4996056739872365,0
-1.1593342545941692,-0.1873697022469618,1.5052465107570114,-0.4446843005277228,0.2112490599364798,0.524694130813522,-0.9142015922067865,0.7691658316457706,0.5460650751439191,0.43187336558704104,1
0.26378718697424697,0.01686139519897445,-1.1530836174593195,0.65262182706548,-0.8023133393098254,0.5499402404290294,0.3735727575889216,0.29582652520916497,1.5431521383315383,0.1454749655524914,1
-0.9985517238216524,-0.316361336326592,-0.7887580269456356,-0.08552408326678362,0.7932918068486146,-0.43691521562202285,-0.4312057997816483,-0.4411286048877283,-1.4986551407537718,0.11787546211695377,1
-0.520538897314774,-0.8000188967727899,1.0758915779746387,1.1833417370995587,-0.49533339664953147,0.13390239744367793,-1.2882229144372976,0.23293325755023853,0.6943739950104066,-0.22111546432285678,1
-0.385498171718734,-0.9704437523854748,-0.9646672444107918,0.903188760920858,-0.7556233446858425,-0.8317203300188536,0.785862537191675,0.12410608065499584,-1.0133048748831093,-0.491594951633898,1
-0.22667002894896804,1.6237898444568524,0.6668051680697431,-0.41479235188114494,0.31585978603269016,0.23686468013363937,-0.40884370637303613,0.7033920177805748,-0.27907700655839296,-0.931044129674869,1
-1.4821658536445899,1.1000159014540989,0.11544935332723094,-0.26392924002598317,-0.6604302930983059,-0.7603643591015674,-1.116425985202088,-0.13219320085773756,-0.4419417977314781,0.16172672200389693,1
-0.5465913699679525,-0.41993291576228575,0.2352604281213404,0.06661173479170879,0.7863700210752258,0.27280540680346466,-0.7888229975004157,-0.119434332986041,1.953823537018332,0.5589187163528009,1
-1.1646807868402158,-0.5976323806588328,-0.14586880564655402,1.2673761755690705,1.01810319760204,-0.3212733838323816,-0.16521759368462252,-0.01087547304130343,-0.8041400123793423,-0.7765859129386277,1
0.3287281400815938,-0.3111250036643689,-1.1090074801704386,0.0864330011436154,1.2051419335241635,-0.7603911363450293,-0.4846181316742211,0.8097067396893816,-0.5505798581117671,-0.9752531923389292,1
0.7875835553830131,1.4159225044845964,1.086310677143676,0.6611240670466882,-0.5252439682277847,0.011906961390674375,1.0436191651878914,-0.3797334476156178,-0.006259318667854785,-0.14038478334333737,1
0.04474260724130996,0.3455480616570208,0.29940384408228615,-1.3236695443042885,0.47502270882974695,-0.3667253501220529,0.23996312369861839,1.7922239959088255,0.21523868156455883,-0.25364445924241963,1
-0.01755100759057804,-0.06447678300544268,0.4280246519182249,-0.41349023295758025,1.0409313191911398,0.11396194369010137,-0.4883748129001537,1.1770601747033238,1.4205708337124485,-0.12908531284625058,1
-0.18805450116964284,0.5553377772443673,0.8345721083289419,-0.20912514987541986,1.9329991578458898,0.626085695542618,-0.24079735288475312,-0.4986971333388457,-0.4249364094473935,-0.605490961402454,1
0.7295344096685614,0.23392602147361607,0.6750483163873113,1.3540325190722529,0.5360043894064837,0.9966626013890001,0.06293550357990663,0.21011210553679227,0.7608131821562174,0.6677072765555709,1
1.4959218393228562,-0.4308928804075398,-0.20189353351286243,0.3180825306825703,1.1077622045724373,0.6994586864076395,-1.0697036845443346,0.19358018642801422,-0.302242245786275,0.00491896402911518,1
-1.1848151801088642,1.474841788312376,-0.3732552344864333,0.1353601141085785,-0.34553100996545894,-0.1452337118375251,0.18579795113731867,-1.308723230556047,-0.05242188610808762,-0.20925859068231967,1
0.0598760116717072,0.29968826532077886,0.1423512646486942,-0.07200081742762832,0.35300035714946043,0.06096196521106112,-1.1299283307852686,-2.107944893833013,-0.1360717112800791,0.039846644724351066,1
0.5802579694351855,-0.9456392456417579,0.25983972759135954,-0.7601906248337809,-0.8466150994624277,0.35608336060041346,-0.9038997834289781,0.2110167161853287,-0.7063424770413311,1.1112381853284141,1
-1.1406264026811919,-0.05075971972457172,-0.811878179111768,0.6225401506455381,1.369553153195771,0.037457423190134786,0.8993454804577787,0.5247790705131745,-0.8790107944831953,0.2635138347454675,1
-0.571540869868965,-0.5129777352943417,-1.5570159357279394,-0.44846867234066234,1.16328482122743,-0.62450367812185,-0.08661682798417791,0.17617745552351005,-0.7914869848917023,-0.039264018590221106,1
-1.1951834255056033,-1.0360279593285333,0.8763231682959698,0.5105575323602451,-0.9562030553343903,-0.7224148075740799,0.28780167495072995,-0.09401932283504788,0.7917612404128715,0.5566267650007815,1
-0.6574729037448819,0.2770166333570807,-2.115464763773012,-0.4699017007833435,0.03945107657399838,-0.7176904096067449,-0.3023339587415168,-0.3402580562891302,0.26734997002032657,-0.4369157063055762,1
-0.30552446420924007,-1.2262630673072628,-1.2862744239802426,0.4460039972614105,0.5731286758964949,1.1544608867776587,-0.6153581431508315,-0.5305205302693867,-0.06268103902584965,-0.1856889802674706,1
-0.5319241302487892,-0.23894239087996416,0.012436948023422545,-1.3356420701689076,-0.3113414020102159,-0.979548233635491,0.8610237843120765,-0.6585000264425112,1.10168799268562,0.11551149718781062,1
1.1617024804481795,-0.18739843068351014,0.7402861580448974,-0.878790577994089,0.05960818610800933,-1.1204530025379462,-0.20339673778265732,0.3048295975039279,-0.7651697703907496,-0.8477732850309405,1
-0.06449941802666936,-0.16690727074288025,-1.412875829755872,-0.16933628920809785,-0.5593833453963244,-1.1631534497880498,-0.07470044413257204,1.306780309425088,-0.46724904791822075,-0.6409320431921128,1
-0.8388979494296072,0.1692063449224781,-0.2588095302290858,-1.3377940491927964,0.7075453273214554,0.7156797062056324,-0.7022555808969511,0.673391834611837,0.3861311951917701,-0.66309028606652,1
1.505411973269088,0.22577446295239323,0.2389737099073197,0.47279782921622315,-0.5516840458394656,-0.17903037552721202,0.9420607012779487,0.931546810784158,0.4355677470780721,1.0429802646805952,1
-0.030000759455533377,-0.38706828917829883,0.013547178915973568,1.3143915502295291,0.5326496147318354,-0.02258311715598449,-0.8953709940040644,-0.6188609971037891,-0.712212510187874,-1.2904616654988221,1
0.6338147963952907,-0.21709884803292923,0.18822281577694655,-1.8647020884525678,0.03935980024859331,0.6410739473427975,-0.4178083474890322,-0.9068556505410901,-0.2751282544046809,-0.7504822581933785,1
0.5029812676897172,0.033986714163029674,-0.5980431368638239,0.993911140266559,0.008522903601644316,-0.015223223641075201,0.549607600877625,0.08070465841116548,-0.1848473329929452,2.0349723960223196,1
-0.06264603089205512,0.34842333145201065,-0.13335636693945885,-0.261727222373922,1.212958731981066,-0.6815217980931332,-1.1722117434307395,0.6497560779247644,1.1226077056603039,-0.15494597738738047,1
1.1524606234442643,-0.5941340747981623,-0.533933972192191,0.2686829074236199,-0.05119278965912155,-0.02921169766560805,1.0058803955261295,0.7584196649015951,-0.8038541700565878,-1.0991228239133033,1
-0.6808141452133403,-0.31393796211590885,0.4011175895600463,-0.5440429788532848,0.8217720028233599,-1.5752098443312508,1.3144359231180145,-0.2865291187636294,0.3820179481927486,0.24159130530813133,1
0.16176908717246175,-0.27673822390436076,0.405839478317227,-1.1197069039689205,0.1179037568153749,-0.6120435409004765,0.188404802736573,-1.867799447044947,-0.8228742558588686,-0.30233947877559153,1
0.26631646480981974,0.5561470731854019,0.3446277656277221,-0.39298921728760483,0.271795605916465,-1.1720434762380667,-1.6854168742550157,-0.3770695457885771,0.4595219265488497,-0.2459965921419478,1
-1.0685283678443498,-0.5809752492189446,0.6815012257277129,1.0196916891858692,1.013187267092826,-0.7136010315430248,0.4110847763751275,-0.8770283693949916,-0.43746044483481406,0.09194890645156173,1
0.36965526447615016,1.3636256290758535,-1.0982305058890296,0.10946155180732298,-0.20610347508502436,1.5304292960152823,-0.20036147466537857,0.3690880954976441,-0.2313371674060356,0.4739621502799296,1
-0.0993090113964663,0.4610805885014111,0.27158340221122756,0.6282133709957103,1.1825178547565,0.4183443575023871,0.26896893369166053,1.3173446853294113,1.002500303249883,0.44198411464649157,1
-0.4451231451230786,-1.5240392536077434,-0.21304272305694427,-0.38463118945439323,-0.7017717292232595,-0.8987316831908183,-0.8673066864714567,-0.11043310515157678,0.14520060782098643,0.8965686223939304,1
0.33659629058142393,0.8790237055239136,1.679964301311979,0.020717240286573624,0.7286148119199116,-0.2884381574762007,0.2595538369423718,-0.6026772998635881,0.7749701950387027,-0.22781852200224995,1
0.47859017972615936,-0.469347152494044,-1.2985700215352702,0.502328596598411,-0.1734451938776269,0.16640548333176408,-0.14029805482242708,1.325537163206159,0.13460177606782908,-1.1238061055342263,1
-1.1033085962233007,-0.15768787632566506,0.054372355791291405,1.0008662000114894,0.05103281378497471,-0.008232859587002483,1.1734708924810007,-0.8679789521026477,-0.32191745333763233,-1.0757618306266998,1
1.2402530997665946,-0.8545033763803516,0.44036155060244164,0.6767637468169942,0.21903056457070758,-0.06717504216040737,0.9583251223731089,-0.6098248103049075,0.8544431352443609,-0.590318167836867,1
0.9967308001902548,0.3212210472396104,0.027667668155225034,0.10611105973966062,-1.0965967390050346,-0.19531985135459262,-1.1386376836310708,-1.293878665512946,0.6816276562353756,-0.5086340698747787,1
-0.72148160207758,0.24478977556502635,0.1502885559681837,1.0108395581116052,1.4123764827615743,-0.0038043003150241006,0.24875732515431004,1.221470363888729,-0.2985716147494948,-0.7523103274452247,1
-0.27600325236817547,-0.28777598904979484,0.34385593252775326,1.7232594512496284,-0.009751182385953072,-0.7653493606898936,0.10847826931354065,-0.9614024835727775,-0.3880295791120476,-1.1379167372263281,1
-0.07630878471175961,-0.6234872519581003,-0.40750385269098466,1.023538279669562,0.113763253582019,0.7412443704272764,0.41718162631034383,1.651583076529473,-0.31459261020011553,-0.39689447151128165,1
-0.3383336750089394,0.6391753950603567,-0.26413839049131305,1.8970582227982904,0.5310817076877377,-0.11293314034196023,0.6676622028443262,0.9598684248711296,-0.03940538442522845,0.5450186567498161,1
0.5627994817465636,0.24665987580755955,-1.0786609309655737,-0.5141341292795387,1.4327704646320463,-0.8352119070415758,-0.43005301929701467,-0.4717670801481182,0.12019620369101958,-0.9220865219728747,1
-0.5883152721502938,-0.5573354497567928,0.4939781973514057,-0.5820235337620745,-1.1062156417214164,0.9919825462131211,0.4294119188552008,0.6908542936563409,-0.48167369358363654,1.3779319555218068,1
0.5480533435978114,0.25168415311128367,-0.9365930537455491,-0.7431490599422048,-1.116197849165768,-0.54108890642468,-1.1002502506867462,-0.5994490832628525,0.6830146535921728,-0.34066160964758296,1
-0.1261904531538045,0.0936198890199389,0.10110802166669641,-0.450401261159441,0.6552115431978218,-1.5898764007669786,0.27626936186822704,0.7778603497876038,1.102125054986253,0.5962521010062645,1
0.20294050568579536,0.6729581483679263,0.15366522213052392,-0.221764567826499,1.382892434800726,0.8567427965311776,-0.5013884654173018,0.2158814912013347,1.0354851318412783,-1.1446137734228412,1
0.7476976921172662,0.9908117796811275,-0.2606098377442563,0.8960433788442748,-0.8807570760610011,-1.011640994055154,0.30927693625020236,-0.3758964044831763,-1.0896598110534983,-0.6501118410626101,1
-0.6680670968561824,0.8473360378648449,-1.530117062246788,-0.17302574457235265,-0.4265808902774184,1.4135477830163556,0.06045961815525036,0.45165811429522984,-0.17670067035438208,0.5126547171551139,1
-1.3193508967643053,1.240107477834917,0.3729369577440762,0.3817761487133975,0.8227480984264384,-0.332266100177546,0.18583916582794657,0.5550789775919949,0.45535746546049927,1.1011638986001704,1
0.6693589170433127,-0.3244673920443999,1.3130867257644523,-1.0301505112605152,-0.3686778872149379,-0.6922421314050298,-0.228547934941429,-0.5682303692801143,-0.8438110421583094,0.5343578334959571,1
0.08329026433129982,-0.11352717658996525,-0.5368690100302365,-0.6318869617638267,-0.23633173882057168,-0.6138537630305774,-0.10893373676898976,1.7219055204332525,-0.9652971237370955,0.45652841926847465,1
-0.7157264518882371,-0.15772232338012548,0.22410548498299843,-0.40891867100690815,1.3325015932090514,0.5205666448779822,0.7315488080245167,1.523209989257083,0.37806020582088307,0.6624070621200149,1
-0.17168989262085832,0.8574514971149232,-0.12728896290969294,-0.9788483364821154,0.2046039506441626,-0.7281337811429034,-0.11786780683051212,0.3539390849811279,1.6508568035530642,-0.405799753497476,1
0.21664267337600007,-0.40657752133703307,0.963818976866984,0.08445987008754496,-1.4028412604591893,-0.6014264048207185,0.9206865014315513,1.1465296133059493,0.35636634388897726,0.39297887847968616,1
0.20679748427239364,0.939199177787021,0.6557849117486656,-0.9671864564384798,0.002030647145879083,0.6039649401889813,-0.9969259106769557,-0.8662112222148273,-1.102717315766239,0.10832912963067631,1
0.4014995136902302,-0.23077555770382574,0.6776055936887548,-0.7730743780480527,0.5874155007181803,0.0357606827677408,0.6592426700647138,-1.0169101392345015,0.11072274383835357,-1.500708969901251,1
0.21623367821451023,0.47777851595727316,1.2346551595401412,-0.18443418610280826,-0.8307883347826865,0.41734440124390604,0.8334617617957445,-0.14826589705226745,-0.7648184630896644,1.188803392356959,1
-0.0734041164712318,-1.2413296475952507,-0.08285107873170627,-0.9843630104358725,0.9989823451852988,-0.4625252183219781,0.26577829158884025,-0.6548006908688553,-0.062202504650174184,-0.963169081278576,1
-0.3345330710401151,-0.42373814065398596,-0.08440242209045579,-1.1782069969037017,0.2839476596613326,1.0910820270298807,0.2658858498585168,-1.151587394951434,-0.389619602025308,-1.0418538159659496,1
0.8402648880257928,0.6506860041515168,1.035327010737641,-0.1768360917733065,-1.1733383213163688,0.549689139420455,-0.6417659134445641,0.4003981055079393,0.34520934098299794,0.9440249350212673,1
-1.1824919674635381,0.6077150553297042,0.7962720732944373,-1.1644672135188845,0.11684231498127318,0.858853063229081,-0.1926732043409607,-0.8652289090927874,-0.1703227646732235,0.8777347298039828,1
0.9408446086960627,1.060064977258679,1.2703222293385599,1.0361752286524677,0.12921479322971718,-0.16147381884219492,-0.1744537174810743,-0.08006676162948301,0.17390409833973264,1.0288327409051075,1
0.07042071657736448,-1.3245832497303982,-0.46954802747533897,0.20332705288840902,0.12493380473235449,0.09616985314050552,1.4717322382578644,0.3076433704774457,-0.36090186483752884,1.163913227195141,1
0.41199564455885707,1.0281537728825962,0.5370183398278527,1.1168177446411125,0.47886188527852,0.5230116670463825,0.3660042782900632,-1.114920783093805,0.8946667637519656,0.3434854070670159,1
-0.6359711243727428,-1.2564072566059465,0.6246409740865104,0.9730295995063192,0.460685701036081,-0.6807545236015504,-1.1914094583462558,0.7555159651638776,-0.16001615148470894,0.20136176863880983,1
-0.1813065623090564,0.9757211491873012,0.051473869690210616,0.6745546273203957,1.3597882715849234,-0.8158884705333764,0.7844188088383923,-1.0534118091158624,0.4770341894310697,0.051274892340337885,1
-1.0109626886839174,0.24120416701539327,0.6973424406725814,0.31640902458567854,0.8732058368858073,-1.3243813404010414,0.13490881506653007,-1.0996860398902202,-0.2823006593510877,0.07287823350775469,1
0.38762705452357826,1.5103053588041924,0.6466481603673802,-0.1583199953924881,-0.0781378919718323,-0.8355825999013877,0.9023255322028834,1.091622894574864,0.20066905068288143,-0.13411059410347415,1
-0.8733394548993922,0.3008568719785294,0.6412164910030951,0.385388265213193,-1.739884201807405,-1.1170058770484763,-0.4431488460292874,-0.3288954716695107,0.27029937927700054,0.3495430383221114,1
0.12848369068615106,-0.20530585753163466,0.12406963075237298,0.7369003249265598,-0.3352914664351121,-0.5240064524072947,0.6314209365894525,-1.7212314746860458,0.4949105961944209,0.858368726725141,1
0.5481920633515647,-0.9449703200188582,0.2213401576059253,-0.5853594632992076,1.4541176412905168,-0.2230727179236789,-1.3834619051907837,-0.46787662174232025,-0.010328201216974975,-0.3556232855523933,1
1.2418531242294955,0.6552098747891515,0.20627729262661632,-0.7045266867720508,-1.2598325182044108,0.9210629783326802,0.3034083109149446,-0.784255956750139,0.4125871784386286,-0.5015272944923177,1
-0.6172338932128456,0.8183877149911343,0.39865812279613433,1.110469806475546,1.0466600757447244,0.08489562447136745,-0.2801276375862525,1.3367525231830268,0.4167576383593614,0.6020718400792457,1
0.07122492974040107,-1.5828099793142436,0.5948054756850221,-0.29837722177792747,-0.2009728467989591,1.1188859394866473,1.0477728445428998,-0.05861143551274228,-0.0969154871134501,-0.7434085977737648,1
0.5960188563609807,-0.6867454803033408,0.3873942446090215,-0.46327681134058096,1.395543179717122,0.3006453869867789,0.36894343162722665,0.11243873506101343,-0.4455966202704298,1.5688875621421596,1
0.15700575474731648,0.6089676469857848,-0.5228292985184342,1.2332016285696499,-0.2347303897473707,-0.32171324510163624,0.7884707599725727,1.7402130366466109,0.12648213386839258,0.18270402324449275,1
-1.0008136489138242,-0.545127677607407,-1.0260789804517438,-1.0517476697017942,-0.22289910063781182,-0.5608232404721885,0.42256569465059624,0.5710509669826886,0.7697926303311675,-1.0068160863150295,1
-0.04040105498298008,-0.49440188894167836,-0.5274088128613559,-0.3219070065834,-1.390751001594102,1.387083103209303,0.5456164082500066,0.4071858410254974,-0.3063776193590151,-0.16606956045353183,1
0.44423284563102516,0.6434998875555529,0.33013425387327455,-0.3033821701042787,1.2887881829764032,-0.9532858100209296,0.5993177586403027,0.32427743732464887,-1.1334170594478643,0.5913215709691371,1
-0.40686792169223107,1.459569103330968,0.24686364571322006,-0.07918920110245331,0.7455390081577407,0.6076192142265708,1.0449632152850823,-0.11792745568848728,-1.0573841425313613,-0.5294713603919732,1
0.5966862578731016,-0.5498592195762204,-1.2720488998167967,-1.1874041367338906,-0.7507009645884044,0.32819585826201925,-0.07665638146553988,-0.005821066872753189,0.30268946561308807,-1.2347132495367763,1
0.3278523212443485,-1.4762861893948016,0.14906833979036094,-0.927572235165377,1.2585387261955994,-0.41321081108046176,-0.20205239098836092,-1.0211768092096563,-0.09751377294070496,-0.14871641686394765,1
0.07501054000598684,-0.9232665771535364,0.25093739363941614,1.018656218255881,-1.4605695529941038,-0.6355535661943745,-1.0239386509031023,0.2058985367887285,-0.26364499964198984,0.4799719822703583,1
-0.8560677492683393,-0.886695646163635,-0.014165209203950369,1.2426055237870215,-0.7041502383262899,-0.7350345378402383,0.6202049430901186,0.4608932065152427,0.7926035523671109,-0.2169119740599159,1
-0.3890785548614306,1.2474602336731677,-0.9380993312540398,-0.24985534026029876,0.4477725909483299,1.280322507927953,-0.4637071196400875,0.06416875840329972,0.9191684105649318,0.11128599665796157,1
0.68787030879745,-0.012384000998349354,-0.46981751913070013,0.3955152417137757,-0.25481751550198384,-0.5227678696609823,1.286966335575086,0.8334752777222554,1.0633720728662506,-0.703605712970381,1
-1.0765667961760794,0.6961066680693326,-1.1365299955669368,-0.2665399233006962,-0.6673725783115514,-0.4738467549317784,-0.6941340904219861,-0.6210348908764018,-0.8378850117106,0.09168777091005564,1
-0.5794167323366066,0.0659702750552209,0.5553866718735141,0.27617281557204043,0.08296895782765823,-0.439640382000662,1.1883809361686337,0.9004894802362617,0.5967085103953638,-1.5059623185746196,1
-0.6997557443624114,-0.5665753651450423,0.7085507883381319,1.0733519023289406,1.5920706827105597,-0.7813702425313884,0.29903274704418337,0.22683323886554074,0.48715535775565044,-0.0348044128152325,1
0.9856376710408838,1.7382192709053257,0.5637040291110296,-0.1497475549538012,0.2126119755766216,0.5729154832270278,0.5049202931603802,0.8232389778582605,-0.18374220586734058,-0.7362225309534303,1
0.7058554448995435,-1.0535643768615373,1.1523631940925854,-0.3167105750965957,0.5825560340799019,-0.36286672858667535,-0.3411169490168957,-1.2636591959346015,0.03406740954736209,-0.8060959546223216,1
0.6470591880327516,1.821241101467427,0.38559687653020047,0.5389910932558752,0.6121187170764744,0.307233147683839,0.47294377073624627,-0.11424316456711203,0.08176146802203643,-0.8128662448273509,1
1.400317183634376,-0.6960072928869088,-1.0636031286974297,-0.9764657593798498,1.1131992253727137,-0.15657977145043533,-0.003498390331500012,0.14418847571156324,-0.0035968563677983845,0.10983683122777332,1
-0.00463273839642131,0.6355324356869425,0.03804641966485711,-0.055492354856934156,-1.1587963183771888,0.443385958812736,0.42036242257365597,1.3162021734821,-0.016402469659320573,-1.3633355819234028,1
-0.180921266900806,-1.091975610327121,-0.28282183628466484,0.4923952067884354,-1.5979011197403197,0.13977917315489563,0.35551782217669636,0.7870144282766982,0.2581330563071016,-0.4843073491290788,1
-0.5806880997988695,-0.399182950376868,1.4078044826823892,-0.16672364196146905,0.22985814886163425,-1.004547891336665,-0.6986160075788788,-0.7639500973933249,0.6302089689414836,-0.6656463739209122,1
-0.1015214304956995,-0.04539110091849485,-0.608463033771907,0.8607623164487732,-1.0737005814525713,-0.001307391717119799,-0.35320998811659265,-0.23452927801623602,1.6247754031215127,0.34470688768676183,1
0.7830060258246081,-0.628687327445792,0.055042856752816505,-1.9459729029143351,0.30014215992000715,0.36468739860217525,0.23198708684557046,0.5368360301034851,0.30751142688971367,-0.3581968637658042,1
0.5470460251762703,-0.8590716030196566,-1.530388043081821,-0.7418147985661987,0.07748812694201046,-0.3789840974071783,-1.1768462517466522,-0.22266543692970364,0.39349805836526563,-0.06724123415519845,1
0.6629053607316444,0.857317247716709,0.5078576182703234,1.5723052537547382,0.4518195594989063,0.1700269075668519,-0.2707134791373593,-1.1242375120970038,-0.18053545344213529,0.5035574764979462,1
-1.0638085662078116,-0.21089299834614383,-0.5143931703262679,1.3520967428414337,-0.9456952737307112,0.7645577204467742,0.22685557921283195,0.7211570255602511,0.7037018931201899,-0.4227682756732234,1
0.2982863557451294,1.0830930430798107,0.19585457583023747,0.43515279628235604,1.1957645344782133,0.1019713425469515,-0.43218209344736147,0.41035285692136014,1.5116512480625675,0.3486391264727775,1
0.3920133976701683,-0.7918471590485199,-0.15110765184887454,0.9115628964900391,-1.1323634301458363,1.0402174690557637,-0.39406221188813895,-0.8373950984781882,-0.7842076166686813,0.48973631796296324,1
1.7134417900573222,0.278992268544366,-0.5961598622627895,-0.5576421352087346,0.5829130558439073,0.5408547515357793,0.42185018679758013,0.43873942899296026,0.27233628605514326,-0.9415265493169716,1
-1.1073411988114623,0.4041649911928884,-0.008083913087130856,-1.2071252104613466,-0.021337727765725845,-0.10050080868373623,-0.36584961157278695,-1.3824020116297624,0.3452202266624731,-0.5056366192844541,1
-0.6973200088055735,0.4297679457796342,-0.7856696779718124,-1.1072015905530335,0.2993043937155946,0.01405076700265706,0.8953454332648731,0.5411550813561545,-1.0978231564223218,1.0349799850466912,1
-1.6294009456865155,-0.790400527043789,-0.8733334448963714,-0.4665350932154655,-0.1846301521946092,0.8301462523633587,-0.002909455401703287,-0.06131361233499222,-0.10714364971675217,0.5630024314886302,1
-0.017211449844765525,-0.38153475680989635,-0.2769449414155951,0.36134590043582815,0.10721231393737307,0.10670649760061535,-1.1145478668751503,-0.3138456396483469,1.7647906174743273,0.5642415136889669,1
0.11792614824079495,0.8097336973541069,-0.9253479270703202,0.43015594700923376,-0.8310110616090083,1.1843513631253817,0.5448639823257482,-1.0531078793546045,0.5226028720547564,0.4105638016480775,1
0.7018420272938899,1.193108097275188,0.5405125745058683,-0.5928825869581722,0.5638553595886835,-0.8414732146307085,1.3846670580251037,-0.6810938085584728,-0.32036289552061525,0.3790081193043564,1
0.9646101745368796,0.3322549198212199,-0.37404089753580916,-1.0445105556287455,1.4160846814011654,-0.49025380470772717,-0.3090140368633265,-0.09339271315532383,-0.8105487848597914,-0.22900346326777132,1
0.9795096201055804,-1.2757091670697336,-0.5077899381832403,-1.1221468745454848,0.5881724125334742,0.19676404670181658,-0.12212376158967642,0.6883677208825265,-0.12500158424941699,0.8384832843000076,1
0.5203966282451393,-1.3097578546675814,-1.0485002353279587,-0.5796552369049706,-0.4307731523580842,-0.33932725992928026,1.0549326803318433,0.06945945071812121,0.9636719103555813,0.6169191994966576,1
0.8268236064939765,-1.616569530140401,-0.5157765869246478,0.30148121585762677,-0.7532228839832467,0.2614932140498558,0.5746247195875624,-0.6768221671516883,0.4435212382242497,0.5314296517001389,1
-0.7344368639226424,-0.9967301122877492,0.3353397272090284,-0.08237963071023602,-0.9812249946273881,0.5624182856283628,-0.10776950605577529,0.24840402178566645,0.00770191210532678,-1.7385085231990964,1
-0.8445825918051026,-0.8320625832106388,-1.2017776642563023,-0.3483012385171911,0.9397267966993579,0.8812361212272557,-0.8739759441283996,0.21945468387526912,-0.11169388581414186,0.3964114523605704,1
-0.28418664811560257,0.558405919608143,-1.7175954799484168,-0.49676229818642437,-0.004708611278164021,-0.9556345810649232,-0.8096160960943577,-0.2825101673660195,-0.42317848260426505,-0.03437294352521558,1
-0.907372566323978,0.46770080397652514,0.3647476588777687,-0.6110506307208285,-0.7146381748733355,0.25089833940124917,-1.7249045758971167,-0.3165429663307737,-0.1655943210966142,0.6422516521398576,1
0.04103181876274187,-1.0620989632731042,0.5223897119037035,0.1571982885262675,0.3611635844151846,-0.14697600370808628,0.6300900140792614,0.9472107011618371,1.4999404936625735,0.7405705700754739,1
-0.5189043592542164,-0.2952014665023399,-1.2858749790025308,-0.12226826178583794,0.8097354709976665,-1.1179556017560603,0.685923260429742,0.13217787361693834,-0.6839234710192166,-0.4949848017487253,1
-1.3043979063289546,1.3947853949098392,-0.8612617823510693,-0.11906192977355845,0.41793172421055846,-0.8433676164483823,0.2011110437423662,-0.09313398331562972,-0.28058234852345176,0.24800325226869901,1
-0.016667646270061454,-1.3183879116051034,-0.1648002897384746,0.6240856218537076,0.32815843889241636,-1.2375544025969605,0.032440711663912936,-0.521991191676872,0.40696836433116834,-1.0877686657907748,1
0.10033199592243847,0.7807794517488116,-0.012032924883292218,1.1277651855697446,-0.33211892924680164,0.5093818222413016,0.14852873657739796,1.381518075970631,-0.8988712625160644,-0.7113567061774229,1
-0.5764445677391461,-1.1894914109076988,0.03409548655832273,-0.6570996319021305,0.22915542811592582,-0.05259470186981963,0.5231305061251428,-1.324857165868449,-1.190639770335561,-0.5355886907769714,1
0.49136393239300125,0.07832657924900355,-0.7736824969250433,1.1511999245493119,0.6383313520442457,-0.9426935293369665,-0.5793372679409052,-0.8829644796975178,-0.6731367659800258,0.7549363749946947,1
-0.8465416761877447,-0.2220212564015469,0.46930040487430436,-1.1123601329194832,0.36808194687430573,-0.7133968855580624,0.6724929857783231,-0.8292762791964714,0.33416840627119004,1.3950576373175219,1
-0.7247761515830631,-0.1483653165442682,-0.6848693680259315,-0.8414509876997223,-0.905590521361137,-1.6017296945569064,0.3066447483822743,-0.6362023502773262,-0.31257869235255864,-0.6696259003626253,1
0.14399296187223154,0.14375499004487668,-1.6444246616906355,0.2970010129242926,0.24667413302417884,1.0055728496485363,-0.9180441344369323,0.5949475047679851,0.5096032503670891,0.37271951142076487,1
0.7196147061061509,0.24731826780811472,-0.5305869015091953,0.31904574045317524,-0.34918471417400854,-1.687685722437401,0.5608272927359632,0.13556540009734075,-1.2740563214813994,-0.17650355025924336,1
0.48385096601724786,0.5068942720005296,1.0320585608123283,1.2226543546567785,-0.021553744960674415,-0.32379083073624937,0.36411806786278467,-0.3881279861650717,-0.3650030127803583,-1.418864611695142,1
-0.4208532543524428,-0.44656988886875526,1.6410179648023506,0.9424409855899958,-0.450460222009605,-0.7119634931236984,-0.4958614368510741,0.41594792709411843,0.3597255540637718,-0.2108433533991394,1
-0.539589882002582,1.1235441672777395,0.5272810573953537,0.06780567833289952,0.7593198217693371,-0.8775023233060204,1.2109702017801416,-0.5848110489472225,0.4111176365688811,0.16148358838814492,1
0.6097671105828817,-0.17141105068178408,-0.5325409171263189,1.1431152317160373,-1.0684258380612905,1.3701352078612743,-0.10048518915987703,-0.4299763443482747,0.42108448450995617,-0.3399468126507217,1
-0.5841577222945733,-1.194869730313065,0.7575215593708409,-1.2173480152200984,-0.9916370469559899,0.42483455151900174,0.5301178088244693,-0.3604832044420725,-0.41567458094210963,0.5656389990152384,1
-0.3175395620903805,0.8680469511630835,0.2841702504870969,-1.173105183845697,-1.1971139037505252,0.3928068765816377,-0.04637752589610633,0.7991753570160816,-0.1580139086277481,0.8156552057975852,1
-0.7299191834437568,1.1638946847090614,-0.3897587512440732,-0.5864889051357065,-0.8212923980514775,-0.23224119620411443,-0.5593200945801957,1.286028493405218,0.2457318679913536,0.5125662411646199,1
-0.48480434189833765,1.1688606421069716,0.6007603054031962,-0.8148059023146619,-0.46067147307422784,-0.7726344692648062,-1.0549110040362042,0.33859179906230796,-0.8138270326951096,0.9467354240510999,1
0.17293875013333881,-0.5837802142486455,-0.31766831372854254,-0.7132024930081733,0.6118286954028465,0.23430334113559503,1.982356870979924,-0.6328216658730894,-0.09457635336171233,-0.5451048667873781,1
0.18295065836529112,-1.229387965129411,0.7040465922402976,0.4433849780202075,-1.602731703598469,-0.22021989336411796,0.4178479077016717,-0.22760110063236372,0.9024945121940724,-0.2776634640529929,1
0.39773724775453,-2.1066166071847774,-0.18034427125486197,0.47153285769487674,-0.08055942570377672,0.10837845590432238,0.2722305521465449,0.3191469755663179,0.33333997516969216,0.5926540052257541,1
0.3826168734492583,-1.6587784683433326,-0.9367267750990615,-0.17999138289569228,0.0301503042709812,0.3131039609474566,0.5213248910569219,0.8145369999931056,0.45069296939868453,-0.8409303394205097,1
-0.39567950553993825,-0.9958316111855015,-0.7002781245363099,-0.19582236867008262,-0.8009637894659365,1.571214996695903,-0.1169988872639145,-1.0787207183362773,0.1598395837428228,0.12572883675801183,1
0.3201163794213553,-0.87252161414752,0.24569378763032557,-0.050796242417994186,1.0153643825093264,0.5699678508014552,1.3329418203824366,0.8135892838051872,-1.073212569722242,0.12063512638357832,1
0.22531394156744433,-1.3326945250780513,-1.2899699390348818,0.20373361753165753,-1.1278501842570376,-0.6214352015346702,-0.6419202152954406,-0.409779161735353,0.46850632743564624,0.17469438804480975,1
-0.04687765429115265,0.39811201957182174,0.2432590291432386,1.1746138250625844,-0.3407988469218832,-0.8934616792874435,0.9693597964730265,1.0422266696441813,-0.7129102749606964,-0.8193803725742814,1
0.6718414964331809,0.4108815363868912,-0.5734367437875938,0.08527831580357015,1.261922157029355,-0.37322512244379835,-1.0234088468054443,1.3475195360004015,0.10975404781667697,0.260178358154564,1
-1.105334406087507,-0.2892465088406331,0.3942216510045462,0.5234206753718751,0.22324986182599194,0.06689529776786207,-1.1215834261094053,1.182632657234572,1.1635014984699756,0.5594111130155981,1
0.7503888528138263,-0.32679898700074306,1.5725302461845345,-0.31565909068427,0.2836514604642826,0.9788351092573828,0.4969002381952441,0.8980941341748321,0.5995837641255037,-0.09566371602391888,1
-0.1570100589318537,0.30796447446302455,1.8071650424479788,-0.7102561338100482,0.005921251398084415,0.648824350929039,0.9453829359138961,0.254664212932612,0.023499882258851024,-0.6045266381180432,1
-0.13300996745913274,0.13506398515388263,-1.5024750921214953,-0.802392081915932,0.408153762966053,-0.6435580676836838,0.9300824933323248,0.11991574957019768,1.226103299273558,0.383535293476553,1
-1.2813629973656866,0.2982040020722927,-0.6272863573153276,-0.6019258892832728,-0.763608552807133,0.5394207791783834,-0.7512093111729667,-0.9023755597103089,0.856550070221564,0.7290449460289574,1
-0.6744792989390409,0.38727790425603326,-1.3582446062215885,0.5927036909406991,-0.18707904889787352,-0.7073319286213602,0.02781615870048082,1.4282430446804422,-0.5160615504657713,-0.4403612858610515,1
-0.16497336534999985,0.47194254666625834,-0.06870239540641077,-0.529337760003411,-0.4425242444137458,0.629295259195028,-0.9642123450364171,0.24605479070990466,-0.40322886176991624,1.736318084295303,1
-1.2983886104766578,0.4756110237637552,1.2863321844567595,1.2622189370908639,0.3349352630579001,-0.4131763005440643,-0.2196790287910999,0.3704223399221811,0.6254697747947584,0.3618201813671673,1
0.47449138573988536,1.1396306645522025,-0.7782055255709641,-0.5439992339434867,0.8083291260466048,-1.0623422570350993,0.45574152673221047,-0.4041414477206744,-0.25995788147266463,1.0692217243772473,1
0.2360515735399744,-0.9864154881492426,1.421666242716006,-0.8982632173013738,0.006773010844914218,0.09525146345776214,-0.6267150050287467,1.2109976387235881,-0.14705292676298676,0.4227898531800003,1
0.07714434282216454,1.2842042440262684,-1.1601630935794787,0.2895643752214223,0.29003866881984264,0.12342234204587088,-0.2997148079441958,-0.17162447276505466,0.6639317718459243,1.2501745494354566,1
0.5430983891353023,-0.9414331847988311,-0.46131272975728255,-1.554229284766293,0.05284832656259919,0.6147878515071223,-0.9506928382386481,0.03747533711697715,0.005187412338965469,-0.6352649023204737,1
-1.0710952153288615,0.4248064293074272,-0.797404773796067,0.8979221764052019,0.7019128731045798,-1.219734552151373,0.26827541523518583,0.055291451977512285,-0.6397270322986097,0.28046900539898223,1
-1.605357802838786,0.19282972082483685,0.9684915368064684,-0.6571107303621648,0.8635492206303983,-0.2705717639479781,0.4524731266475883,0.7382783406659046,-0.06161022093276536,-0.4051001806916128,1
-0.2582803634535984,0.027632432124748085,-0.45019516982653407,1.281303039415124,0.5716413957276352,-0.17107814061158333,0.7407819913318066,-0.8053675245341085,-1.0467805664680614,-0.7480467230663863,1
-0.3329353207469361,-0.6063242360182346,0.25801869629238094,-0.09158976020856269,-0.5438514454823911,0.7836283891624647,-0.33112886769526995,0.07271616654900237,-1.7073626346837871,0.8898973098311016,1
0.48403719236302,0.9599754725719585,1.3280883807102937,-0.1265457341018852,0.2979267012555944,0.6118217563893671,0.4117925530248314,-0.5958799157535126,-0.41360762093777925,-1.1306345820945913,1
-0.8058613012914466,1.2004917230514804,-0.4313990240945027,-0.8705537599626729,0.7580611041687968,0.6782694230391249,-0.736024799111437,-0.11913425931463006,1.2025416966886242,-0.33240171807330476,1
0.34588524163660983,-0.2705300439967866,-1.2877296403130805,-0.5536564089283313,-0.09744168801324404,-0.944509094902493,-0.5150693819211538,-1.013363146416475,-0.7521316367367781,-1.1282959087688575,1
-1.3145081770267064,0.07292401266372739,-0.4649816062232355,-0.002606835622784409,0.15355415886254375,0.926788461618751,-1.2249427349723945,0.7398906299703811,0.4648643428946224,0.7853708473856575,1
-0.10240993623301708,0.616676309807247,-0.4890938937019671,-0.9210916581170441,-0.811670156633405,1.4957499800923326,0.32046806595499033,-0.6596210050651381,0.7537242875577128,0.7011176682314741,1
1.205251587664672,1.0312522905301535,0.7790560176337289,-0.040528285323782054,-1.0293844366319616,0.27453337007900647,-0.7940611827612731,0.6370656556082475,-0.20765173861647268,-0.6939211160743397,1
0.5546211309950659,-1.0396966371883565,-0.3739805342432785,0.8903038021299086,-0.2673875318724237,0.681499036871875,0.38353861570717207,-0.9021033612967955,1.4954280138767393,-0.04439110031845939,1
-0.6914143943536033,-0.985786193430902,-0.00722385497429423,1.5877351165069387,0.34626336322238727,-0.1748781032477016,0.6759940359936483,-0.08171797149376436,-0.9253713994666146,-0.21185906308947455,1
-0.8437942737800008,0.23162604738270653,0.6255785078810461,-0.9106371844432597,-0.8949180686470064,-0.028119608135506624,0.8312707988001744,-0.3452943616706605,-0.21991446884139387,1.5547714687503449,1
-0.6846404278199203,-0.8510910720316189,-0.11885168925902301,-0.6680721203059825,-0.3686138962090797,1.334892404409596,-0.6221284185421165,0.976028129894912,1.1466087673467977,0.056913478337143886,1
0.6698879865897158,-1.512118805444661,0.09023783621241055,-1.0193294922078033,-0.5571981089211597,0.5331149766463201,-1.2504483832798352,0.0561814499537574,0.28279575358622466,-0.3298750999691351,1
0.6492580657455926,0.1087375654392404,-0.621887021201653,0.3315968776945448,-0.20020839868360385,1.7992406018831417,-0.4422626652172852,-0.7234094215953313,0.9967044856361813,0.032369690928094386,1
0.19819772652482204,0.6266213499804678,0.3101877186996278,1.0067922540831913,-0.8951840282239043,-1.0475458158636664,0.5187961340320686,0.9999912089450733,0.5187792468998094,0.31238995504371125,1
0.2795446712075753,-0.5310384698115833,0.15852443570424413,-1.4981802502715529,0.6771635501316622,0.5877242348328009,0.3856998363928006,0.23988543265820672,-1.3781274343236056,-0.17163327154530839,1
-0.8011258196183908,0.203373125157305,0.2304031643918405,0.8930466278469789,0.1342703137853034,0.5052607803373887,-1.4189854286539756,-0.9626300029416308,-0.19819851909885777,1.078967740965116,1
0.13015724047210409,-0.0012560558726470994,1.1333557731093702,0.45696275403638253,-1.1706970838543829,0.03316565538681138,1.3314288742168752,0.051364685565283175,-0.05663416392941212,-0.8487264888515567,1
0.04235257477881227,-0.38739752558218266,0.32655546732316054,-1.9776041083156852,0.2921041814019536,-0.4503149859894462,-0.40928655423041294,0.3449457774643694,1.025088800058934,0.5937719944557607,1
0.7509028619571154,0.6689494115754897,1.4916873897840475,-0.013122760936894018,-0.24144285112375874,-0.300622136118716,-0.8529835706750433,-0.18016278542312492,-0.06604013956506982,-1.242975488057002,1
0.2594787880372684,1.630471315596271,0.9089013027503903,0.18231220137524495,0.20258335918301107,-0.8741890677535631,-0.5664340503539185,0.8616207873940436,0.27098993090729495,-0.7108792614177832,1
-0.20054649202161778,-0.20040778499892564,1.4165373585852894,1.139271942584465,-0.11674424318749388,1.1024013168455844,-0.5349824167016677,0.787390711048594,0.059748894236897776,-0.6674793340436276,1
-0.03665377567104233,0.9349108202758738,-0.0910383959109371,-1.5907639498592792,-0.2660493656603058,0.1858343390729198,0.0841783195989958,-0.6699881130626788,0.02194979004460773,1.357058053085857,1
-0.6686871084573565,-0.053644344407580036,0.012373341007623218,-0.9152314026193316,0.8932520063554654,1.229937505905227,-1.0778243025995042,-0.29844292408139017,-0.048997160254522054,-0.7514696123847442,1
1.4724683020549465,-0.10935036021385258,-0.005760625498148819,-0.7094882742565338,0.17528812856016174,0.03398750048015131,0.714091845762316,0.6701018028782886,0.8271671132516496,-1.3291054130905722,1
-0.3806335980068649,0.4955668462991758,0.3061327708964696,0.8295830890444384,-0.18897687300083232,1.7160603778434327,-0.5625013246052295,0.7527785907401658,0.3090363407068364,0.9553965672734299,1
0.5776902686365206,-0.64619737810425,-0.04745015222259141,0.07292418414841251,0.7217272886778101,-0.4926471951742202,-0.21151802562176414,-1.1263072983972826,-1.072712645732361,1.141965813135402,1
1.075417018659337,-0.03642469239126811,0.012420938140645266,0.6849153394348031,1.1204496160555526,0.4626136824524574,-0.7884432233306893,-0.7249438206291288,-0.5804385098512443,-1.0826417375026214,1
-0.39964266816016547,-0.7254718824897681,1.38880634485567,0.5381068712124177,1.3994845205361965,-0.8077458897989782,-0.23147602697437009,0.7985843011491296,0.1348614292379482,-0.00782390343393713,1
-1.5685317057884003,0.6233140869143137,-0.4089629923730156,-0.374311545436278,0.1998122710978527,0.7314083713653261,0.9372148905473114,-0.4591110121966362,0.8097546158675244,0.8135192800516937,1
0.33134065973009763,-0.14325634571556556,0.1090491938649576,1.2265029183571903,0.6576156882248281,0.2623822270081799,1.8794725543582578,-0.052700019956043676,0.6606227611216142,0.13389290114859698,1
